id_perfil;clase;lugares
22BWE4CP4YQO2PFB4BXHP64Q7I;USA only;Southport
22DSGDNHSWCKZN3AYG2M3COO4U;USA only;Ohio
22ILWX26LXE3I6QQERACUWC4JI;USA only;San Diego ca
22LBWM77OQMDWXJSBMDQ53ZJ6M;Non-USA;Cardiff UK
234HVZ4VA2SZPXCEIGSPMRSMYE;World;Melbourne Australia - Brooklyn, NY
23BNW5SYA52H5CUTAORSXWRKAE;USA only;Colorado
23T3RLL3LYSFTI5GME3BJ3HVSE;USA only;Texas - Denver  - Austin
243QLYS4XI7MU7RL3R3WLFSKII;Undetermined;none
245CNLFFDXKUPQ3DGGHRXHFMPM;USA only;Salt Lake City, Utah
24APBOGN32ASEOULJP2VUZLAEU;USA only;US
26OMOJYTYBVIZAKKXAB54D6D2Q;Non-USA;England 
26U3RA2QV45CQJLJPI6RKMSV5U;World;Utah - NJ - Wyo - Vietnam 
27MQSCQAI3SBTQ3AZVFZMJUDWA;Undetermined;none
27ROQVF37N4FEIZBDRQA3C4464;World;America - Greece
2ASZKHX2NKUCNTAOHWIAUBEDCA;USA only;New Jersey - North Carolina
2B6MQGFMXQO2NWCHUN2WMYUOWA;Non-USA;Filipina - Japan
2BJ7YWTFKMZWVQ4TAZIBWGNNSI;USA only;california
2BUKMLZ3TOKSWZ5DQCNMW6GNU4;USA only;hawaii
2C3RTPK2P2QRLIXR6YVFRJTT3E;USA only;lakeland area
2CD2PZZZKAFPUPCQRQWYKFD34Q;USA only;Los Angeles
2CE7X7VQRYFS3UCZIQ7FABKNI4;Non-USA;UK
2CFN2VOG5VRS5CR7ZUUVFPVGIE;Non-USA;Beijing
2DD5RXPB26ZQMXYFHM62Y3L4FM;Non-USA;Ireland
2ERRYKQIHBVZKHQ7WKQ6WKDGWY;USA only;NC - SC - Fort Smith AR
2IBYIPE44PMCW4WST7M4G7BVEY;Non-USA;pakistan
2JQPX7EEWM6UDCQKJTCTNZEHY4;Non-USA;Sligo in Ireland
2K6FEQBV5CTC3WWSCLVM5HJLMY;USA only;San Antonio,Tx
2KWMXFRKQDNYL4LJTZ4OKXEZ4U;World;new york city - korean
2L2MP2L54XXTLFLXVZ3A37SKCY;USA only;Los Angeles - Portland (Oregon)
2LUN5PVKAUECXNXMXZO6ZPFGKY;Non-USA;south east england
2MZPY4MMIJ2VTFKGR2ESHOIQDY;Non-USA;uk
2NSKVEYB4MQGQ22G4J3HV5AHI4;USA only;West Newbury,Massuchets
2NXCLQ3UKEFIQNBKPST35EC4KQ;USA only;Detroit
2O7LKLHCXBSZX76ENDAMRQBRB4;Non-USA;Puerto Rico
2P755P2B34KFXBNZA7K3A3X3O4;Non-USA;Chennai
2PRP7P7EIR2VSTWNTHBBLTR43Y;Undetermined;none
2RURDQWJMKQB52NRUJKG5JKUNA;Undetermined;none
2RVIELZKX2Q5GWH6U5OCAGWRCY;Undetermined;none
2RVURXDBQWVJRLQCCHPA4HL7Y4;Non-USA;Greece - English 
2SWLDPHGZZ7EKACHJCUQYOK3PM;USA only; central Florida
2TYLW26BLV4VL77WE4HDL5BZVA;USA only;Texas
2UENJ26Z3QY4DMIPBAM3ZNWW5A;USA only;Az
2UHSKXF5C5UROKAJI2VEHB63XI;USA only;Missouri
2UM2WGROAYX3K4OQ5HGD22AMTU;USA only;Texas, Estados Unidos
2UVBVPSHNWKO5XQ6VHECWTESKQ;USA only;Louisiana
2V7JBOCA3ZIFHUAV7DHAXXRWEU;USA only;Gadsden, Alabama
2VH6EZ6ZGC2ZGDF42UGR534ANQ;Undetermined;none
2VT33ZWB3WC2GULFFLWC4L23VY;World;NYC - Spain - Shanghai - New Orleans,Chicago - San Francisco
2WPTKW5XP6OJGIZYHVHW4O56ME;Undetermined;none
2WVIL43XE4XODR3PME6VWR5LDE;USA only;Woonsocket, RI
2WZCVHWF3ARWZKVIHM5ZF7IBQI;USA only;Wyoming
2X557JJE47BBHUG34CIS3VIENA;USA only;Southern California
2XANDNVLT4UE5GSGTN557VLDWI;USA only;Tennessee
2XX5EB64LFFBDLFJLYE24VIP7E;USA only;Santa Barbara, CA
2Y2AJTNYMWFHB3D4XKOUUMXQJ4;World;Sweden - U.S.A - Vegas 
2YUS35HHQUWWWSGWTDGGYJC3K4;USA only;jersey
337EJL4JT6HXJ3UQGHAFRRT7BI;USA only;New Mexico
33JUPAHANUTDWSGW73WZNTX6MQ;USA only;midwest 
346XSVI3MYA24ZVSQYJZSI4PWQ;Undetermined;none
352UNA7NIAW6ZMNHIB3PYTPWI4;USA only;cleveland 
357RHTOZ2QXKHTTKPGZNGTNN4Q;Non-USA;Trinidad 
35J3CTIINPADSH5XK7FCMNG6AU;Non-USA;94 Victoria Ave. Ridgetown,Ont
35WGZWYI7HOXJSGPVWZIS6RWGM;USA only;northern Minnesota
36AIWOOZPJGNF3A7A2IBDAYZHQ;USA only; Oregon 
37D2AUAAHLZJBZFA63C6V4EWZQ;USA only;Boston
37QHEKQ7PMJXNX3MFB7VSWLPMI;USA only;Houston
37YT3BJISR2Q3SYPSB5FD6ZHJE;Non-USA;Sydney
3APANE2PEIMVHZMLP3RYU3X63Y;Non-USA;UK
3B4BKED6OGQIER3BWECPATE2DU;Undetermined;none
3CI6EDIKDF6XFVIZXV77GCTVYE;Undetermined;none
3CQ4F66JKNEZYOJVES6WNW7ZOA;Undetermined;none
3CW7HKIN4HTY2RGVL7FWQ3ROMY;Non-USA;Mansour 
3CZHKE7DGI5Y4UNJ5QZF2OUYTQ;Undetermined;none
3DJUSRFSAHSWE72DSJWAOXB6BY;USA only;The United States
3DYEF65QORJ2SQYGKPQNAZMRQI;Non-USA;Greece
3EYS6WGWO4QML62Y35DXLTV65I;USA only;south carolina
3GQRHRHNKDTZWZRAGSAP6NO42Y;Undetermined;none
3GZGLCGXXTJ5756DK3KRFZH4IY;USA only;Boston 
3HIZ2II6W53MP3K7WGNEBMTLMI;USA only;California
3I53ZWKYHSX2ZVWSSBJSY4VGMU;Non-USA;Ireland
3IXMPFY4VQOT2UOC7WTJGCRWI4;USA only;Missouri
3JN7C2OG42UYWBZNRB23XK5OZI;Undetermined;none
3JP4Z3GH6EHRGCXW2XI2MGV644;Undetermined;none
3JZBQTY5LLBXGXBNUUHG7HIUPM;USA only;the US
3KAXL5366KILHWDYZH6O7NX2MY;Undetermined;none
3KGDTBUM2Y36HKNO6ORJLRZLCQ;USA only;Muskegon, MI
3KVMUOLVHM5GB3XADBEIW7PL24;Non-USA;Mexico
3L4DWYJWJ4J4Q7ZQ5ODHWLUT4U;USA only;Waukesha, Wisconsin 
3LF7TWD2NDYAS5NOGBPLMJLKU4;Non-USA;dubai
3M75LO2XGB6XHVDNTZHPM2QAWI;Non-USA;Canada
3MNBLNUHZW7W6QJKTWFW5A2DUM;Undetermined;none
3NPSRUE5EQNQX6JJTHITNYTRZY;USA only;Texas
3OJQ2UNSJQH7AKRVOOBJJAK4E4;USA only;Wisconsin
3QFFLKIWYSVTK5VFTUHBXVFYJI;Undetermined;none
3QFP3VKRMLUK7TILILTHGVHURI;Undetermined;none
3QZZQD3C2CLA2PCGYE3AGK2WKQ;USA only;washington 
3RDBQKNAISOQFTVIJ3JHUZU5LI;USA only;Orange County, CA
3RSCX3QJDRCGOQQAIPXE3MXMWY;USA only;Tampa area in Florida
3TDTTQAB32MWMKTGS7KSH34JNY;USA only;Tenessee
3TSWFFMGGPQC65V6DXGD2QH63Q;USA only;San Diego
3TYEE3GP5O7RV47D6CEQGUMDAQ;Undetermined;none
3VBCHTZNVSR5YTDQJILNBA5JIU;USA only;the Pacific Northwest
3W2HFYLV4W37WJD6GLU6JLUTXQ;USA only;California
3Y5D5MNKV2M5N6LZN5YRZ344HY;USA only;the Midwest of the US
3Z6Z6WNE3SO7F42VRC6APBDJII;Non-USA;Canada
3ZH6LFK4DDOU7LJBSVYQDZTGNQ;Non-USA;Paris Cite Andre Jacomet
3ZHZUHUO6GCREGF47RPNPKHXLA;Non-USA;england
44EM6NTSRE6LX3X5PV7CCGYDDY;USA only;Savannah, Georgia
44N2IQLV7BDWVEXK7AHRFTZKFQ;Non-USA;Australia 
44OUIME4NWNF7DEVVCI2SU5RAI;USA only;WA 98660 US
45ITQZDGHIYYDD3TLIVE5244SM;USA only;New York City, New York
472QPHJFATI42YCOMKEA2DLH6E;Undetermined;none
4A3LJIKSC3N7ELTH45QIBYRYYI;Non-USA;CALI,COLOMBIA
4AEU2QN6EXR7JQTFTXP5PFWOPU;Non-USA;Iraq - Jordan - Canada
4AF2C4YZJLN2X2S6IUCYB3RRKE;USA only;Indiana
4AIV7XMFYFLWWJRN6WK7AFHRQ4;USA only;Arizona
4ATQI64TWX3EBPV3WOQFCMAOAQ;Non-USA;Clare (ireland)
4AVJMXTJTJXHWAOVO4JSOHOM6U;Non-USA;UK
4B4ZUMTJTM34FK2I5AQ2YRTBNU;USA only;St Louis
4CR5O6745UFZYVB7KI4KRFMINM;Undetermined;none
4CUVAFYYXYEGC75QFYZ2WZBCYE;Non-USA;Caribbean
4DP7XVJCP4HPPMR76M5EF463RY;USA only;Georgia
4E4BHLFDJPFLT37V3FTVGPM4X4;USA only;tucson az
4E7CTKC5NN4J22734SUSEDCXRA;Non-USA;COSTA RICA
4EEUL3GEHRO7EUD3ATQQSPCZKM;Undetermined;none
4I4R26JFG47YUQHAOH4DWORXZQ;Undetermined;none
4IFJHN46H64DPKAOPNQ4UPMWSA;Undetermined;none
4IFKVTKN6UOWKROWI72ZLNWQEE;Undetermined;none
4IHUJHHX52LQO4WH4ERU24MEH4;USA only;Brussels, Kingdom of Belgium
4JXCITK7EDTEQ3ZMDXV2LYOGYA;World;Texas -  Iran - Iraq - Italy -Casablanca - Philippines 
4K6IVLSOS23EJSJYV3WNV6EQCE;Non-USA;India
4KOMXPFYPJ7DYBGWFMJHTJBF3I;USA only;sithern california
4KVAI2GAWIFDFAH37XIXFITCAI;Undetermined;none
4KZU7MY4N5UTEM76TJHFA3KNA4;USA only;Texas
4LC7ID3PFACM5FT2DIRTSRYL6I;USA only;missouri
4LMPDDRFMNEXX5OLY52H7ZDXVA;USA only;plymouth Mi
4LUDW3QAFY6NEITGNB7EYXACA4;Non-USA;Ankara, Turkey - Kadikoy district of Istanbul - Canada
4LUEY5XG22ZBUPBHFGI75QNOCU;USA only;Arkansas
4M2A35DKM643T7YBWCKH5QH7MU;Undetermined;none
4MVNLUITRPMF7XL5I6TOXAPUQQ;Undetermined;none
4OCMGCJDSQQSRTEHF3YBAHBSTA;Non-USA;Singapore - Malaya - Thailand
4PRNBNSRE2EW572FB3KCE23XZM;USA only;Delaware
4PV5CPYDR54LA23T7ULQOQUIJU;USA only;California
4QTVPO3DURTGFXDQUYP3NE4QPM;Undetermined;none
4QXY6W7HJAMFGK5MVACQKWGZII;USA only;Ohio
4RHIIJD4F3WHECSE45AL4MRXYE;Non-USA;Russia
4S2BP2VKOSJ74JMJCH7BEBF5TM;Non-USA;Hessle, UK
4S4BJ3TZ3DFTI4XMQ5VSA5YUYE;Non-USA;Turkey
4SOGKGLL7VDASPTQG3BYTI5WJQ;Undetermined;none
4TAC6T4GKCSWQV2WLZSEBZNEIE;Undetermined;none
4TCTY3FC4Y53T3IA2F377GA7P4;Undetermined;none
4TRX6KHQ2GRRSFMEDOFUBRRN7Q;Non-USA;Mexican 
4UHUSRVL6WZH2HOGCZW237Y7IY;USA only;Bronx NY
4UI6YLAYGBAC4FE4JEN64JF45A;Non-USA;England - Maldives
4USKEDV2XH2TZF7K7IBJ7W54VY;Non-USA;New Zealand
4UULQNN6WG4WBWM4IMU6RBVTGY;USA only;Ohio
4UVLXMVK2WKZFAN34YDIZWOSTI;USA only;IOWA
4VKEOQRGVZENBOCWRADGLOLX4Q;Undetermined;none
4WGO4TVNIFCOTQXMB4QZLREHUA;Non-USA;Singapore
4WYTM54HRJZOZHNBD5YNQ7D4PY;Non-USA;Australia - England
4X6WDZSGJQV3PKRSTFHIANP224;Undetermined;none
4XOYUSYMRYY4RWLKDNQIYEWW5U;Non-USA;chandigarh ut 
4XSTAD7ASYC5XFQRJ5IQY2DWZA;Non-USA;German - Italian - Norwegian
4Y4JLJE5UJ6AM6SFVUSFCKVL5I;Non-USA;Australia - NZ - England
4YGP54E5SZCTP3LQCKOIF3XF6Q;Undetermined;none
4YSEKBY6FPF63CWQ5YB3LUHBAI;Undetermined;none
4Z3WAWEOVJCA42GA3RWILKLYCU;Undetermined;none
4ZB6K4CEKIQC7EOSMJ5MGCBDNI;USA only;texas
52BVDTMY4RSZGAA3PJB4SGR6RM;USA only;Oklahoma
52H32C7LSK3SP7CH7H7X5VRSLQ;Non-USA;Egypt
53EDYCXJL2YFYOIRSNQUC7IPIM;Undetermined;none
554PNSPXBJJAFT753LQ5BM5VFU;Non-USA;Jalndhar,India
55MLYFOU2DVTW4JRZ55H4TSBW4;USA only;Louisiana
55ZQNT4WANFAERKJBHIFUSRFFU;Non-USA;Edinborough - Croydon
56ZG57A4YZBD5QQBKZU3BYQDKU;USA only;Syracuse, UT
57DWMFCGP4QQY2RKEPUQWEYIYU;Non-USA;England
5AYRO53YAGJPGMWBYRWBYWK364;USA only;Texas
5C7ASYXRKVHRPH6FEWTEYXFVQA;Undetermined;none
5CPEBMZ3YO7OBJ6Z7ZEONYGXZQ;Non-USA;Spain
5CWOCNDBMRBP7U5JJCVQ26ECSA;USA only;columbus, ohio
5DJAYIBF4U5PMSN4IE43G5YTXU;Undetermined;none
5EMZLVQ5KXQW4GTO6K25I6WZVM;Non-USA;north east of scotland
5FBD7TDRKNQFXBCXZQFZYABB6E;USA only;New Jersey
5G7KPYCLY5WFT4E7ACS56PDXWI;USA only;Lexington KY
5GZAYTIHUGTNL2X3SBYNUUOXFU;USA only;San Diego, California
5HGHTCROZT4RQQNHSMTVGT2XWU;Non-USA;Geneva
5K4CVYWPCXVQKQD2FHGVV7RC2A;Undetermined;none
5KAD7GGHRXCIMEXNVGBDGUY4QA;USA only;Brooklyn
5KGTFTEENQFEMX5BEYRTGX7B2Y;USA only;houston texas
5KIKGABYIK4VLX4BTE52JW7M5A;USA only;South West Florida
5LLI5CTN2CXKIOERJIISKE2YA4;World;Afghanistan - United States
5LYXS7A47WZGEMIOCYIF7AA5IQ;USA only;mississippi
5MEM4GP7STZEOSO45XZSRWHMEA;World;China - DC
5MLIB2BJONB4YAMUIUGKUFIEBY;Non-USA;Budapest, Hungary
5N6C6XU4AGXPO7244PNUE3CKT4;USA only;los angeles california
5NNP7UJDXUVRBCPL4NVACXQ4DM;USA only;Iowa
5O5Y6CZ73V44Z5LSL4IYTBJDCU;Undetermined;none
5ODMRYDSZTVOV3ULUJSH3P33IU;USA only;new york
5PIXFLK4FFTGXSPD5HB66SRT5A;USA only;Southern California
5PQZ2NFIRFXSOMUDMLOQYDUFRU;Undetermined;none
5RAHMKGLYVTGLEWHSYYCYWJ6FY;Undetermined;none
5REAN5QDIQIJGMBMRXEZESZ7OQ;Undetermined;none
5RK5GCFCPDUHZVACC6PIGYKJFE;Non-USA;Scotland
5RSRXRJC2OO6T5RGE654DBFQJM;USA only;east TN, USA
5RYKBCHRHVSDCNZ3VM4JJP4FKM;Non-USA;Venezuela
5S2UZPVC7KNBUTGA7TZ5XRBGVQ;Non-USA;australia
5T7PMZH54RB3UFPBWGPNGNIUVY;Undetermined;none
5TL5WTWE2GQRB7CX5QYQUKW3KU;Undetermined;none
5TOCUUH2U5VOZJZFP4JSN2JHBI;USA only;Washington,DC
5U5JBSUCPJKKYLZGFJ6CCX5CXM;Undetermined;none
5UWA34YL2U57QQ27RVKV5KGLVQ;USA only;US
5VFIRQUDVNALSK7P6XLXUWQY24;Non-USA;New Zealand
5W6DYQQ6O67O5MNVPKSVZE43QA;Non-USA;Singapore
5WDJR63CMYJ2ZOOHDR7M6WPRHA;Undetermined;none
5XCYZD7PTERWB6BJE6K2XWPWRY;Non-USA;Scotland
5Y55VGKEYJ3QZFU4J2Z6YWGZ74;World;Russia - Moscow - Canada - United States
5ZNSM65GRQY7KXANRWDC4CWBMA;Non-USA;UK
5ZPN7ZSJQ3RJNQNHPTNFWYR5FQ;USA only;Michigan
623TTZZFI22FHF2QFU3JCOFPMA;Non-USA;Kuwait 
62F6R3S2OAUBCKIKWTP6SDZXDY;Non-USA;singapore
62GDNQCOROVUJ2QQNWUHLMO5OA;Non-USA;Philippines
63FU7W5TKF66DU3PSIPVSYR4OU;Non-USA;The Netherlands
63WTNF6L52EEYWDECUU7H5VEXY;USA only;Arkansas
642FGNQSOZCX4A5T7K3RXQTX2U;Non-USA;Australia, Melbourne
642MJCNR623YQY36SKTAO77UCU;USA only;US
64LL2WUK5GEMGMTNYRIYARBLDM;USA only;ga
652TE3WGLWH2BRCM2YWUNKD57Y;Non-USA;UK 
65IJ2SNZ4H4UCWKCZ4OSX25E5Y;Non-USA;Birmingham, England - North Staffordshire - Egypt - Malay - Australia
65KIWXAY3I3FZYW33HN26TUEG4;Non-USA;Canada
66FKRADMCZK3FTNLKURBHAHMKU;Undetermined;none
66LAAUNQFFFPVELLVJGTDLOJYI;Non-USA;INDIA
673IO7NVMMXDD6S4XDB6RFFF6I;Undetermined;none
673NHNL6SMLOWZLBVQFFG4MFK4;USA only;Texas
67G4SDGW3NXGMA276UDC54TPBM;Undetermined;none
67OSHQ5AJHKGTI4LPDDZOC4E7Q;USA only;Florida
67PKNMLCRM7Y2WSSCI6TDGU3UQ;Non-USA; kolkata, india
6AL6PGW5PT4NECRCVZQVFX5ZBE;Undetermined;none
6B3Y7YHPED2XETSVVEBDLXICSU;World;Canadian - California
6B4LS2BSZL5POECQUZP7JSRNTU;Undetermined;none
6CAWJ4BPUWPBFDHOOO7SKWOA3A;World;cebu - SOUTHERN CALI, san bernardino
6CBSOOIAAB6VID7ID2YOOCQHTM;USA only;Beverly hills - Carmichael CA
6CC23BSSRS6DJLX6ZUPNVYWDKI;USA only;Florida
6CMAHCQH2ZMZST3PXQZZ5VSZAI;Non-USA;Sri Lanka - Jaffna - Badulla
6D7GKGPC6VY4DCTMHFADNMDSV4;Undetermined;none
6DPDUSTI7HIVVK3YS5VR4CIILQ;Undetermined;none
6DTAY44LLQR52B54F5UWLPGMBE;Undetermined;none
6EYWLNXQBO3UE2UWNA6AN7B6OQ;USA only;New Orleans, Louisiana 
6FHFCWTMSWQMO3ZRNR4VJKOGWE;USA only;Boston, MA
6HFLDYJEDPROQ4EWECTG36OAIE;World;Australia - UK  - USA
6ISGIGJHAWRED3QDNI5NDZRKSA;USA only;PNW... (Washington)
6IU72TFQ4CW4SH2CXNUQZNER4Y;USA only;N Idaho
6JZHYQYLKQHQ3M26EXL2NHM6XQ;Non-USA;delhi
6K3KMEJMCMPBZEKIQJD4JVPKDY;Non-USA; England, United Kingdom 
6KK5FH4MNWCRKW2HQ5RRDKUB7I;USA only; Los Angeles
6KL3HQ7JYSDKPEFCCPAITDK4E4;World;New York - South Africa - Pennsylvania 
6KPS4KS2A4CQDRMLZGIKPGTP7A;Non-USA;San Juan, Puerto Rico
6KR6OUGFNUQPR2EKR7PXUDFMXQ;Non-USA;portugal
6KXN7ASWVZQNF6DIXSBXR6KA5Y;Non-USA;Scottish 
6L7EC3W4P2DV643LPHWQQMIO6I;USA only;Texas 
6LGJPFPNQHXB3GFM5LHQ5ZJDDY;USA only;down south in the US
6LPSYQXRQNW35Y2M5SVKHPEX2I;USA only;east texas
6LSETW6ARP2YX2WPNOJLQS57KI;Undetermined;none
6M6MB6TGNRAT4MBJJZL5PGSCNI;USA only; baja california
6M6XW5LZXSKGEMBYEAWNF2DWY4;Non-USA;England
6MA5N3WBMJD7IEZQJLJR3NVSOA;USA only;Detroit Michigan
6MCLF5OHZQF6ALYYSWJNGHPFZM;Non-USA;South Australia
6N6RDHTYTDU622JIJYWWHRFD7E;USA only;Sacramento
6N7DOPKBZW4HZAPXBO6FSTOB5U;Undetermined;none
6NH3JRO6TVGKLHC7462GT3CMSE;USA only;U.S
6NWT3AZDELAHMHPDMUTJ3VXYQU;Non-USA;northumberland, england
6OCNH74CZGBRZDE5OZRVK5HVDY;Undetermined;none
6OKR3KHRA2JXC7LBY4XYSTRZTY;USA only;Murrieta
6OKSCERYRDTF6FR6MBT4F5SPTU;USA only;Los Angeles
6OONICKHSLT6K3MSROSGUG7UKM;USA only;manhattan
6OQSROYVVIKNVOTUJJLUPNRLLU;USA only;Washington DC
6OX3KGNYXASCFM5EZGYOMR4E24;Undetermined;none
6PDDZR3FO4SNIJYLA56ZQCVA5M;Non-USA;manchester
6Q62PK44CVFM6Q5PZSPSTZ3FPQ;Undetermined;none
6Q725MC2DDN4OQRNE4KJDUNQ2A;Undetermined;none
6QKNS25DPVDO4CABC4W44RAGQQ;USA only;Jersey
6R7MBL6WTBIHXHJULSYO7DAAKY;Non-USA;indian - New Zealand
6ROOTWOHXBUQBBI7LYPKSW5PE4;Undetermined;none
6RVHVHLTOLCDCZJ44SZ6IXYENI;USA only;Wisconsin
6UR64R67FU2XJV2AHIKLN4KGDQ;Undetermined;none
6V44GQV6AHHCXOC24M47A5ER34;Non-USA;Hk
6V54HMDSV7VHNDM5WG6JPU64BA;Non-USA;Bhopal, India
6V63JNVHCSHOXY2OJVM6LSRTZQ;World;miami - cuba
6VDJEOXZ3NWJ4E34ME6TJIGEGI;Non-USA; Sydney, Australia
6W3O34OWYZMSGTOFE4PRU4RR2A;World;California  - canada
6WLAU6BCT2WBH7ZUCLBLLD2XBI;USA only;Hawaii
6WQM26N6RDOXFLC4TUXVPUPVZM;Non-USA;Bali
6XA22UMI5I26W5ATQCZFQQSXGA;USA only;East Coast USA
6YREBBQKDHYG6XWSL4EJNSFG2U;USA only;Denver, CO
6YTOQBBSIGMQJ45BKOCDOYYYDA;Undetermined;none
6Z6ZGCEZPWT62PXB2B2CQBYFPA;Undetermined;none
6ZLZFV5OYYSBA5CHXMQDLZIIMI;Non-USA;Canada
6ZP5HTWRNQWMQAYSKCV6YY6R4E;World;Japan - American
6ZTKRG5IYI2CY42RACEYM767KA;Undetermined;none
72SD453TKGVD3EDKB7NXOZ4C4E;Non-USA;Iraq 
73XOOE6SXNADUVVHRY7ODJC4CE;USA only;Southern California
752QVIFDBMOCIED64Q7MBDV7TI;Undetermined;none
75GN2UV2SSNJRNAXKBO5NCW6UU;USA only;Texas 
75HPXXOH5EVB3D3KSW3RVVSQI4;USA only;Los Angeles
75KPDZU2V44ZOM4GIK3YQC4HHQ;USA only;southern california
75VMEXUSSEYIU3RGAX24URACFA;World;Pakistan  - USA
75X4L7UAWS5DBCNK262WQIMRYU;World;England  - France - American 
767OG3RPHXYZBFWW6F54NDCXMU;Non-USA;England
76EBNUVOQ5SN4P3R7I5CLKBSJA;USA only;Washington, DC
77I75NNRJTZPRKJAM74KVXVUWI;USA only;yuma az
7AVRFMHHPG5EJOHDN4ZCQHCCEU;Undetermined;none
7BHGYZ3M3XDZRFRXVBAT5XFTSE;USA only;u.s
7BTMRVKDDRSFYWWQ54WRSZ2Q5Q;Non-USA;Leeds Uk
7BVFVL4ZMM442IMK6DGBXOLRLU;Undetermined;none
7BXKCR72TFKMBTWLITHMPIRPGM;USA only;San Diego, CA
7CLZSDYL73G5P6EOMQBF2MR6YI;USA only; Austin, TX  
7CTE42WDOW75LCGLK6BWPDBX7I;Non-USA;Spain
7CXGPKIOD6K6SQIHKFK3SK4H4M;Non-USA;Turkey
7DB4VR2RK3NCSFVRGJGGILU4A4;Undetermined;none
7DQR2DPI7V5JS5AOLAF2ZYYK6Q;USA only;New Jersey
7DTSLDYZOZNXIEPGVHMREJNY7E;USA only;Minneapolis
7DX7OO4HUS2N4QFGGUIXZE22GQ;Undetermined;none
7DZ4AWYRIBJCVM64XHGZC55CGQ;USA only;New York
7EK7WYGCRDIN3FW24DQW4QODRQ;Non-USA;HYDERABAD , INDIA
7F5KHRJGS2O3FSKODC6PIFXIPY;Undetermined;none
7FXH3LXY7FIQZX2NJZJCA52BAE;Undetermined;none
7GUYCH5QZMT32UXJZ6V5AXI75A;Undetermined;none
7GVH2YSROUYE7UAWZR2LKCQTBQ;Non-USA;CHINA
7H7OTNYDRMCXCWEDV4RM3JRLJM;Non-USA;uk 
7HD3VOCKIQAQY3TRBL36TNEW5M;USA only;Southern California
7HHZFIH3FLLJ7Y73J6ZYDGIYWE;Undetermined;none
7HKQPTVZIWQFECQ4DDRDRSLQRY;USA only;New Jersey
7HL34JSNFXE2FZU7ZMTWG43R3Q;Non-USA;Cairo 
7HM7WZ4CJZQOL2SHBDPRJFUQ2U;Non-USA;Veracruz. Mex
7IANRUFN2CAGUCLO372G4SKWKE;USA only;charleston south carolina - so. cali
7KLRMTB7IB5WH55EWXRXACTJHM;Non-USA;Mumbai, India
7KSU43A44RREWA3DGKM6SPJHRM;USA only;US 
7M5KKXA2C6M7EP4MXF2FJDX5SM;Non-USA;Burnaby, B.C. Canada
7MIXKCXR6OUTX234ZKBL5G7VEE;World;hollywood/los angeles california - brisbane - kalgoorlie 
7OPVAQNOVMTSGUD3NUIOVXRQB4;Non-USA;Japan 
7PDJM2ECZZSZGXJT5IBV2RRSOA;USA only;Orlando 
7PFNGUIGF7IN2R5LCP3YHOSM44;Undetermined;none
7PIFY7Y6ZLAFGYCWED5XDVHX74;USA only;New Jersey
7PORUTD2JJOEJG2PAM767OJIPI;Undetermined;none
7PYJ6HUG64TENMAIMPHJMT6KXI;USA only;San Diego ,California
7QAHYZPAXITWPQZZKHFSSU2XAI;USA only; Tallahassee, fl
7QZKUGM5N53KVSI5IPRKZ2BSOE;Non-USA;Bali
7R2AX77M3NIHK6QT4CRXY2I3LQ;Non-USA;Sweden
7SGQE5OO4XIE6DZNHP7MXS2M6A;Undetermined;none
7SYPMW5UPWPAMFLFDBFAO4MT3I;Non-USA;UK
7TOJDW5I3DEQMHVBD4E45DXHC4;Undetermined;none
7UYSZ3CYHNA4SXMSQO4Q5BQQT4;Undetermined;none
7V525GPDF4CNLBH5ZB2S3QCFII;USA only;United States
7V5SSJXN3ZJQIGMIA3PUDJGE2Y;Undetermined;none
7V7HOCHXVZDX62ADETCJAX76E4;Non-USA;UK
7W7JDUNC4Y3PKPVGASWU7LSAB4;Undetermined;none
7X5ZTARQFHYYCVJDJMXEINMCCA;Non-USA;Netherlands 
7XDNTIL7OVMDM3546YF24H77RU;USA only;Denver, Colo
7XLCETZALJYPZ4KXME6H6SL43Q;Non-USA;Wales in the UK
7YDQWYZZVIKZTM3P5SXINYXNKU;USA only;Cleveland Ohio
7ZV5VLEV32PXBSLCRW2F4MCDT4;Undetermined;none
7ZW4OJADP4M4RVWQS6ABEFH7JM;USA only;New York City, NY 
7ZWKLLX3JDYVDVTXSB5BB3MUGU;USA only;Texas 
A2RSXW54WIRYSKPT7NSE37W4OI;USA only;Californian
A3JMP2IT5K4KGAALEBW5VUA4JM;Undetermined;none
A3LDR46BUYUGS2IFRS7X67VLJY;USA only;Toledo, Ohio
A3YZJZQSC6KVO3STNNBGBWPQSI;Undetermined;none
A45DRYXDOJJVUL6ODPCU6HWGO4;Undetermined;none
A543CM6CLJSALS3BFLEQXU2JL4;Non-USA;kerala
A6HKMPYOTHWVURXBS5EL7NFUZU;Non-USA;Spain
A6I36LHXQCTMHEXZMHWDZ4RN3U;USA only;INDIANA
A6JLLGGMTNV7EBTVQZJOY4HD3U;Non-USA;Scotland
A6N23K432JE2GPQZ4DLHOGY4FA;Non-USA;Edinburgh
A76ZPXGMSEZE4JFXRJEJAXOGPY;Undetermined;none
A7DS4R5V2SLXTTCHSIVRKU4LNI;USA only;California 
A7XS6UNIT6EV67BE2SF4BSAIFY;Undetermined;none
AA2LR4TA3APR56KMO22ITESGMA;Undetermined;none
AALLHT7ALKIN7FHV6ZKXE2WZOY;Undetermined;none
AAZSPJKFYKBPURV5L2SXNTTYFM;World;California - Rockingham Australia
ACKTH35GSIDHOKVLNZOHYJQCDE;USA only;Marietta, Ga 
AD3ZD3QE5GDJZYN2LDMPUTDLVY;USA only;california
ADWMPZIB2LSXE75DYJW5BKQGJI;Undetermined;none
AEMHF2UPLZ5YM76ZH6OQFY3FAQ;Undetermined;none
AEQGISEFPL6IYN2BPB7ZZR3VK4;Undetermined;none
AEYYIV345OWVIBXASFAQPFQ6TA;Undetermined;none
AFGB5T764OSPR4ILHVRNOTGZQQ;Non-USA;Namibia, Africa
AFMTY25I3CUW5QO3VY5SMZLOKA;Undetermined;none
AFNVMA3P2NQ6SXC6QDRRVO7NRE;USA only;Gastonia, N.C
AFU3YOWEHFGF7XXYZHHDQRZHGE;USA only;Florida
AI3X2B7VQH7QF3O7PX247F43PU;USA only;Utah
AI7FSZWYCUSRBJAMLGPMRPB7UY;Undetermined;none
AIIV4L27JPSIZLP4SLMSEYXBBM;Non-USA;Derbyshire, England
AIRILCKQIKSXUJRO6H255YRMVI;Undetermined;none
AJ3PP77TEZGCI4FW7A4CXQG64E;USA only;Arizona
AJI6XDUM6OUQMNN56GP3SAJPW4;Non-USA;Italian 
AK6KB2L2QJD26KQOIAOQJDORTM;USA only;Washington 
AKYU3TLK2RM6PTY5E7ET7DQYSM;Undetermined;none
ALGNZHHUWWO3PH3WCKKYK4YWOU;Undetermined;none
ALM7KTHPDHP5SCGMNPECSVYYKI;USA only;Washington, DC
AM4X4MB5ARHHGHMYVKUNAN2O4Y;World;India - usa
AMHOAD5AX7NPH4OIORD6GODRTM;World;France - Canada - New Zealand - US
AO2637EY7GXAU3O4365SQVFIRU;Undetermined;none
AO4B6JPR7RTQZDF6TWAXSH7KEY;Undetermined;none
AO57YQJ2JHOAC6ASFM52FHLNBU;USA only;va
AOJ577H4RUEGAPJVZEDABWU7SU;Undetermined;none
APK4VGILGAFUFLDKWX7KJMHFNI;USA only;Houston Tx
APOG62VICYODURKC7NPB2XUDM4;USA only;Iowa
APQ7CH3FHW3EULLKHJ42K762SQ;USA only;Northwest U.S
AQ5LPRV7EKZXJIXTG2I7JWNHQI;USA only;Hollywood california - new york
AQAL25VHTTOZKKZTKJEAJ4X7FQ;USA only;New Orleans, La
AQN4ENL5FKKMANTORU2SIR2OME;USA only;San Francisco
AQRRTQLTEDBRFMAMNFYL36PY3E;Non-USA;Costa Rica
AQT6GRJGX7TMNNOAM7UYGIUDFU;USA only;Flint, Mi
AS6MZLWU5HPA6PIYSHN5R4TKA4;Undetermined;none
AS6N2VGDROQ7CO5TC22VPLEVR4;USA only;Chicago
ASGO7GNBUUII7Y47R6KSKQBM6Q;Non-USA;U.K  London 
ATOPYZUSXSZRZIBPB4P35PULWE;Undetermined;none
AU63KXPCYYTEMGTM7OZ7GF4JKM;Undetermined;none
AUPQDJIKZD6G2JNXXQ3EKHCJYI;USA only;Washington DC
AUTA5VYZB6A5PWXIPC2LKCOYGI;USA only;United States
AUXYBGRD4CSF5SOXXAMPJZKJXA;Undetermined;none
AWAMW3VUTG5YBE62VXJUVWIEKM;USA only;Philly
AWNUA4LRL7F4XY66LR5MWWOUQU;Non-USA;UK
AWWCNWJDQWD7P7V7I3G64HTNWY;Undetermined;none
AXBF355GHOTYQHWC4KGADLGVZU;USA only;Orlando - Florida
AXK4D4GFUCW5RJRVK5FB7J3ADQ;USA only;VERMONT
AY77X5WZYE5QNLDVJPXIHIDIBM;Undetermined;none
AYCEMNBLV2R2Z65JECAKQU2WCI;USA only; San Francisco
AYCNTV5NEZUXKH4VA2I3E6S3M4;Undetermined;none
AYPUAY55GQTH4XGTHYKFNRZ5BQ;USA only;Houston, TX
AYQ3LQIERPYRVXRNV6WDAS7TXE;USA only;Wyoming
AYSKKJWLLJ66HJHHGEQ2KSJZTY;Undetermined;none
AZEZT4DDSM5GNU56UBUURQHUU4;Undetermined;none
AZPEKRU7XCYMO6IP6AE4OVSFD4;Non-USA;New Zealand
AZWAOIJFNBCVP6PW63I36VT6DI;Undetermined;none
B22IJF2IWD7YJ5OB474NGF7OJQ;USA only;Jersey
B26GLHA4L46NOFSIG7T7VCNDIA;Non-USA;Chile 
B2DMJKJAPJCZ2N7TQA4SB5ZBBY;Non-USA;Dunedin NZ
B2EG6YBPG2A2KY6HEPK7R7F2DQ;USA only;Gulf Shores
B2U6YZVMCYNLOLFDYLR7NYOGEE;USA only;tupelo
B3DXPMMTPEH2WRQGHN6M3AANQI;USA only;usa
B3THXMIE7J2ZWC6QZPUJFSULEE;Non-USA;Belgium
B4QFPYA3DCXWDNBG3GOSVEIYKQ;Non-USA;London UK
B5LKG25BVCBECT6DXOGT3EL3ZA;Non-USA;Tasmania, Australia
B67EV6RDWDPFKKP6DXDFYTKOP4;Non-USA;Thailand 
B6BUUPUFFXU6M457227VXOP6AI;Undetermined;none
B6GIXMWLYFANH24DBPIT43C3Q4;USA only;Colorado Springs, CO
B6MVY36ULFOYUYR3VMXTJHVEBQ;USA only;Texas
B6UXUULODUYRXDYOITLHWSX2GE;USA only;GA
B6ZZI5YECVY2P6N7ALEOYSDKPU;USA only;Las Vegas
B7BYPGHGQWFEB2QXXJ7RKHOKGY;USA only;Deer Park, NY
B7FK3UPSMWFE4TQYHC7SO2XNXM;USA only;Birmingham, AL
BA5XPOXZN2AOOMXLOIE3BNT4UI;USA only;Houston Tx 18
BAVG2OEVHX747UFC557LFR3ZVA;USA only;Lebanon, Missouri
BAWQX6GWH5MJHAKX6RAYSXFHOQ;World;American - Australia  - Dubai 
BBGWDNKTEA4L7O62V656NWZPWY;USA only;EUREKA CA
BC5MFRZF45I5QKX4KX555Z74KY;Non-USA;ANTIGUA GUATEMALA
BCCXPCZWZNTDACAT5FAVAIDRB4;Non-USA;Ankara,Turkey
BCIOUKDYH3BH6R6PKAFMBUVIKU;Non-USA;Sweden
BCSKEGJBDVIDYIXIKZFJNLSR2Q;USA only;Phoenix
BDL7457OODN2Z5MKDNNH2JNWQQ;Non-USA;India
BDMAJ5TULLMPPI7KGW2T34VFPI;USA only;Connecticut
BDVA6G6BNJD34JENIWYE2XM3RI;Non-USA;Puerto Rico
BEUGYEPWAHYJ4XSQTOT3RFUA7Y;USA only;Michigan
BEUM6XBHL3UIVFODJXNAUN22UM;USA only;New York
BFEVWXBMWTDUCF5DZO3VMJQ4RI;Non-USA;North Wales
BFF2THO5PSQ4E2Y3TODP7BLX6Q;Non-USA;british - spain
BFH2FZY24YHKVJJUM3TVODINJM;USA only;Missouri 
BGKFT6YGI5EZUFGHLCK6I432XM;USA only;Texas
BGLUKNJIRVZCNPWNGJWAC7BJUA;Non-USA;Latvia 
BGNIJJ5XQTCOT33OZDIUBZTHYQ;Non-USA;Giza (Egypt) 
BGPJ7SUHFWXCAXSGYCKJLPJJXI;Undetermined;none
BHEREFZTPBJ5VZYH5IVKT6B5NA;Non-USA;Bali
BHKWRYPXWPJUY5TSPNU2OS77MQ;Undetermined;none
BIGJIIQPILO3QU3USWVCDQ4OPI;Non-USA;sunny north queensland
BIX222FNJ2PYRZWR5LP3YGOMZA;USA only;Florida 
BJ74HTMAFXLPIL4PI7SER7AO54;Non-USA;Staffordshire in the UK - Dartford, Kent.
BJH6FVMTC76USNNE7LJOK37T5Q;USA only;Central Vermont
BJJJSOIUVDMEB2PH5LADTDLM5Y;USA only;texas
BJSTEXRS7BMY4OIEQK57DL3OBM;USA only;Fayetteville, Tennessee
BKINTVX2AFAE6YT2AHVDDRXWU4;USA only;Laurinburg
BKOE4SZ3X5EQW5RREP4OMTWUAE;Undetermined;none
BKYHR5ZNIJW7DHTJMRUJ6KUF6M;USA only;New York
BLDS47MLNXKRBASHXQNIHIH3VA;USA only;California
BLQOUCUTJO4RXFAVFAIQZAGMIE;USA only;Boston
BM243WXY2OEERK6YG7EKA2CBOY;Undetermined;none
BMQC3XJWYU2TYLUJ4WOB6AJZPM;World;south Korea - Mississippi Oxford
BMXHGWCYZ5ZV6ALEVMHGALVN24;USA only; the Island of Oahu
BNGZQFDOMWILDKIGQHPW7BNZWA;Non-USA;UK
BO3X3TRDJEQ2MJXRNQ7MZRKIC4;USA only;Saint Louis, MO 
BOR3QYVID5FWMW324ETGGAHCVA;USA only;Texas 
BP3Q42R7M7Q5ZCC6PQUFEUBVOQ;USA only;Jersey - NC 
BPIAJ7KN26MYSRVKN3JTYETHTQ;Undetermined;none
BPMK5BLBPSGVEJ2R6FOTNOMIQA;USA only;Iowa 
BPY65DH2M76YEH4EMUF5YTVSLM;Non-USA;uk
BQAJFXP6WDLOXZ6VJMHFUMRIXM;USA only;Texas
BQLVCVAUM2BWVUWGNUQUZLO7IY;USA only;santa ana california
BRUYS7GZNHAUUBJN6UEPRCPGTU;USA only;Greensboro, NC - San Antonio, Texas - Lexington, Kentucky
BS3IAZKLUPK3SHZA7JCQWPHITM;Undetermined;none
BS6AFMAR55BVCENAPKSGF56JZI;USA only;Ithaca, NY
BSMBO34T7XNPAXZIOMWG325NUI;Non-USA;Montreal
BSR6HTLHZDIFBZTK5KPFD6GEQQ;USA only;Louisville, Ky. USA
BSY6OLKO6DYHM6RIRUBY6LSJYM;Non-USA;New Zealand
BTOY53B74HRULKY3U5MZB7C46Q;Undetermined;none
BTSXSNOGSO2ZGSL22JKLDNBLKQ;World;Texas/California - Filipino
BUBRQQOIHDJ6YP2NPEDHECWXZQ;Undetermined;none
BUGXX6KCOISJHTWOVK7FMAA3QA;USA only;texas
BUHGVEKHO6P2BVKP44464DB524;Non-USA;Scotland
BVKWJXGEA7MPQ4BKJCFBTZIKM4;Non-USA;Bath (UK)
BVPJ76ROFFVASJFQ3KPMDHX6FU;USA only;US
BVWBTSNHGQQRJU5HDB5OWFOATQ;USA only;Temecula
BVXACFLRE2BUWDK57B5MRM2RBQ;Undetermined;none
BW4DYQ2F3JJ4L5JSXZFHBQEBFI;USA only;Omaha, Nebraska
BWUXS7YLN3GFYJ3VUY5HSZHGH4;USA only;CALIFORNIA 
BXJ5XUEIZFQ3RSB2KL2PLJLY7I;USA only;St. Marys, Ga
BXTUCME7VPEJTON67YG4MR2E7A;Undetermined;none
BYHXI6YE2TYBD5MAPGWUI2NX5E;Undetermined;none
BYJS4PWDK6X3HQCYKQMEXDM6JU;Non-USA;canada 
BZKIX2KLKGAFPUKZMPAPNIKX5Y;USA only;sacramento california
BZQL2CWLHIZSUUPT4WAWDYYYQY;Non-USA;Romania
C2XODDEMQX6WU5OAOTIHKKGTVA;USA only;Houston Texas
C34IJSALC6JF73FFJLIK4SQBQY;Non-USA;Western Australia
C4CM6TUP654OGJ3OFCKMA5WHLA;Undetermined;none
C4SKFMUOHVGRPDHOEBSXPHVOAU;Undetermined;none
C6G7ZJR65ZRHMPXCC6LJEMNVUI;Non-USA;Uk
C73YM3JEZ7MOAONDCQ6UA5VHTU;USA only;Pennsylvania
C7B6IBCQNUIITCXH3ST2PYNFAA;USA only;Texas
C7SIGKE5POIF5SREO7TZQSF6HQ;Non-USA; From Alberta, Canada
CAGYE34GQSFYI4MFSNSTNZB5ZI;USA only;Minnesota 
CB2DSVSAKDDDQXQJOLLNRNLBBQ;Non-USA;barnsley 
CBKA45I5BF2RU2V2XUHJ4G3DDI;Non-USA; Canada
CBWBTCAFFSRAGLV5OWFK4Z5QEM;Non-USA;Madiun 
CC2HVHGN5B266SKXCPPAJIRQVI;Undetermined;none
CCJUXSS2VDB7AB36PVMG6JQZLQ;USA only;California
CCKO4ZKYGKGIDXC4XKEVCDVEAM;Undetermined;none
CDTQ4C6K47XUD73I7FWNCFEAKA;Non-USA;Scotland
CEBNPZL5EB6HHWZA7QTYBJ2M4A;Non-USA;Philippines
CEOU6C74THWASD7SDUD434IT44;USA only;Detroit
CFSUUHH62CNBF53E6BCPFQ4RIE;World;the United States -United Kingdom - Italy - Saudi Arabia - and Germany
CGYKVTHWG55PJ52W6BGXLYPZCE;Undetermined;none
CHUOUKYLVDCBVOP4YSNFOB475Q;Non-USA;London UK
CHXUUL5P4PTBJBLUEM5OETCPRM;Non-USA;west london
CI6R2YII4TZBR3Z7IM7NBFGWCY;Undetermined;none
CJSY3TW745PPIKJO3SYX3MBKJI;Undetermined;none
CKCTBENV6YSKMKCW2NDAUTT5OY;Non-USA;Istanbul 
CKU3HYELFRV5FBZFRAOAMXQVPU;USA only;NC
CKV3R7S25GKHZXXY4JP2WNVNEU;Undetermined;none
CL233VOPXMLH2PLMJ4OSD4UF7M;Non-USA;Australia 
CLNPW6EIQAOJZQXDHJ5P57N27I;Undetermined;none
CLWERACN2RTLTT7FNVMOSFXGVY;USA only;VA, U.S.A
CNOB6IM3RJYCWFQZLOC6XMWOIE;Undetermined;none
CNULMS7RALBHXPCY7CDEWSDBLE;Undetermined;none
CNY2HIP2TPP6LUWPQACNR2TYBM;Non-USA;CHILE
COAZY6I2DQB77XATHFPPLPIY2Y;USA only;Alabama 
COBOOJMTO55K2NTNADY76P7YJY;World;"South Africa - Az,""Valley of the sun"""
COMGNDAED7ZTU2L3VE4MOQM7XI;USA only;Rochester, NY
COOTACXPOXMUYTEPHLEGHP3VCU;Undetermined;none
CP3FBRLBWMD4ZPJIF77SH32RVE;Undetermined;none
CQUGMVZZISKHYL2A75SNHTZFJA;Non-USA;egypt
CR2C4X2QIXG2TSFZI2YN3GOXNE;Non-USA;iRan
CRCZHIYCLBL75XIRYCVASV5FLQ;World;England -  New York
CSSZOZVRZAVJORDWKBEPAX2TZM;Undetermined;none
CT3LDO3GLCO5BORBKT3WWGAYIU;Non-USA;China 
CTRXAJAKW4DO5PPXAQUSRC5YD4;Undetermined;none
CV3PKF6BMODSZ6O5EAFTQBOXCY;USA only;tigard, Oregon
CVEZ3F4LTFIUWQHDJW4MDGYOG4;USA only;florida 
CVMUZGV6MQVJZZLXG736ULCQW4;Non-USA; South London
CWOFXGBUKZYTUSU5PM2ONCMA6U;USA only;Wasilla, Alaska
CWR6L5RJC54VHIWLEAXTXWUYRM;Non-USA;Sweden 
CX43T3LYAVTYLIP6ZETG4QURGY;Undetermined;none
CXVDUICHINKP456KXO25QZWO4I;USA only;Grayson Country, Texas
CYCMMIZD5PPVEIPCUYS3TTWMJI;USA only;Rhode Island
CZHIPT3DPPCBN3UFJZEUHUJPZA;USA only;dallas
CZLNFRJAQUACZ73UHNGZNQDAWY;USA only;New York
CZPRJR6T4XZTX7FSF7MV2M7YRY;Non-USA;Nottingham, UK
D2ID47CXDUWYMKRJLR44T6A44M;World;New Zealand - US, Buffalo NY
D3ZKCMHAWNTUTKRIB4LJROXBWE;Undetermined;none
D5BAJYA6FRSN6GLAL4MG3XFT6M;World;GA - LA - Afghanistan - Iraq
D5CRQ5VUWXE2KFFZPXNSE2SLS4;Undetermined;none
D5JFANC4WJ7ECERNLBJOO7ELQA;Non-USA;iranian
D6CAULGINU64YEXYBYWG3JQFI4;USA only;Texas
D6UYL4JOVI22VBYNZCTDZ7HCN4;USA only;South Carolina
DAAUVYBNL6BGLYT3EIBMA4W6YA;USA only;alaska 
DB7ARSG6PWHMO3IL5RNCY6FCQY;Undetermined;none
DBG46B6KMDO7Y3NZ7ZXPH446NY;Non-USA;Ukraine
DBTFX45CZJKSL4Q4PBITQEPIDQ;Non-USA;Winchester, England
DC2TXGZDPFQAZ5NMIRZE5JMR6A;Undetermined;none
DCAUE7KSGYISSVWQISVLIUJFII;USA only;Texas - Maryland
DCS35MHT36KD23T45QILIKLGEY;USA only;Long Beach California
DCT2C6QGFYNU4PQLAM6RJUQ5CE;Undetermined;none
DCTP7LZGO2Y7B4Q4FZ773YWGPQ;Non-USA;london 
DCXYHTCRCNQQSZD5CXZLOPZGNU;USA only;Louisiana
DDSAV6VTDKRYJYTV7CHDT5SWCE;Undetermined;none
DE3XE2QKDIWEUNPBZYWN42ODIQ;USA only;California
DEKVGJTACUWAQ5QWPVTOS6NDXQ;Undetermined;none
DF2VB4N33LDIZVFMSJEDM5CI7Q;Non-USA;Ontario, Canada
DFB4ME7UR4I7BKL3IF3NRXU37Y;Non-USA;Cairo Egypt
DHARO6INALZE5TZ2CRAOTWTXNE;Undetermined;none
DHESKLJD64TVUJVHIQYEPCXPRA;Non-USA;Kuwait
DHGTP3JKHOSPJTA5XE6BGN4L5M;USA only;Wa
DHUGQDW5AEIGDZ45KNTV5D3SSQ;USA only;minnesota 
DICTSOEPIKZSTQXOCHM2CVUP6U;Undetermined;none
DJVDLLFGPTBO3WV6FQYK3QBCIE;Undetermined;none
DK2TGRTAULQ6HNHQ6R4BERB4YQ;Non-USA;newzealand - UK 
DK55OWKMH7HEK6PKL75RPL43ZQ;Non-USA;Scotland
DKFOLROMNLEPUP537HIHFHVBTM;Undetermined;none
DLB6DDXODX3GYBBRHZ7UCXXFFY;Non-USA; Melbourne, Australia
DM5IXBDFCT4BUN6RYILO6XWF2Y;Undetermined;none
DMEQOI3EL3XJ2KPCYTRTN7BWV4;USA only; San Antonio, TX
DN3F3LPHF7D4C2SVPNLSTGLLNE;Undetermined;none
DOA3UZXSWWBRTUUGS5CZSRCE5U;Non-USA;Laguna, Philippines
DOOIZF3SOD32B7YDNRNNCOJC74;Non-USA;Argentina 
DQ5OJTZMD4OTZS4TA2V3UW53HY;USA only;Georgia
DQJLXMGH2T7T2TXRZTD5AN7H2Y;Non-USA;Sydney, Australia
DQMP4LIY2FYS4BEFFLHN6ZN5TY;Non-USA;Mexicali, Baja California, Mexico
DR3BC4SC3CRMQJFRPAQD57BFVE;Non-USA;London, England
DRJIQ2FYHNDTEO7VUKIEZC4E2U;Undetermined;none
DRX3EWUQXIDZUTXEN737RQVOUY;USA only;AZ
DSRCZIWZKXXNCD35QQEWHAQQCQ;USA only;Utah
DTF6O4TMSUM42NRWYAYNTBHOUA;Non-USA;Surabaya
DU2NG6667JKW6INUDV54IQ5K5I;Undetermined;none
DUEQ57JQNOSNEN3ORBYZFZJBOY;Undetermined;none
DUKAK5TPAXIWEMVNMYQFIPVP5I;Non-USA;London
DUYDJRDKM7ANGNQROK2NURNYEE;Undetermined;none
DVNPK7X4OBKM3ANCX6HUMBJFBA;USA only;California
DVYLCQ465Q4DQFJQQA6PJCHR34;USA only;Conway Ark
DWAWWYZ2GDBAA2WSND76DHKAAY;Non-USA;england 
DWDYONKFDI4UYNG2IRLIFH5GD4;Undetermined;none
DWG23ZS5EHKOUXLJHJQDCAJMZI;Non-USA;China
DWGFMN3ODF7SR6NOYB622XPIXM;Undetermined;none
DXQYJTCBOVGBU53RVFZSLBYQPM;Non-USA;japan
DYOT3725P65EBWX7J6PJPV3M3Y;Undetermined;none
DZLHWBHLN4UXTNUU3SO236Q6IQ;World;Canadian - Seattle, Washington
DZNUF3MRVVU2O7FQQAF64VTRYA;USA only;Wa
DZRUZMIG4M54RT4VNWKP3HAVAU;USA only;Texas 
E2MGSZA6UBYMNSCO3XVD5XKJE4;Undetermined;none
E342DFXZ7IBS5YSRQABGCZWHB4;USA only;Virginia 
E3XWN6J5HQCREDOMWALZIX2TY4;Undetermined;none
E53MS4C6HRSTOLUWIVAHDGHHBE;Undetermined;none
E5C7MPFIWJDSF66WQXMCDI34OM;Non-USA;Rajkot, India
E66SGPU7TWFV3S4TKBKVRC4KZU;Undetermined;none
E7JKELXYMZ2RN5ST5FT6K6WU2E;Undetermined;none
EBDHX75YAHG3C456JHHKZUYP4E;USA only;Sacramento, California
EBWLFPISVA5GTL5E3YXDTATQLI;Non-USA;INDIA
ECDAQMAQUP6VUZV4Q4ORPLDJZM;USA only;Oregon  - Maine
ECDNX2HE3CMT2MGL42EW5KD2AM;USA only;New York
EDFTVMB72CBMW74M722YZU7JTQ;Non-USA;Bangalore, India
EDSOTXUBCL52TNWRKUKOXKLZZM;Non-USA;British - Bangkok, Thailand
EFLTRDLR4SE5AHD73WINQX7K6E;USA only;New Jersey
EGD6Y4V2HP6O6X53FUFVRIXR3U;Non-USA;nottz, england
EH33RC7KTUWBD6ZMCBEJQDZMV4;Non-USA;Malaysia 
EH4V3IJLF3I4CPGO3T3FUNINMY;USA only;Hawaii
EI2PXMUN3ZY3ZHBPJGKXQWHE7U;USA only;Brooklyn, NY
EICPC4T47NJYHUMB5ZY7NTRZVU;USA only;St. Louis, MO
EJ7WGE7IL2RGJNZOHCMVHZFJCU;USA only;chicago
EJXOELBZKXBRKZT3WO5ZD6YN2Y;USA only;Texas
EK2JU3SDZXY4XUWLD73PU42YIY;Undetermined;none
EK2XMG22O4HSMNDPQQPMD6DCDQ;Undetermined;none
EKBPYAV76M2UISQ5NFSJW4FXKU;Undetermined;none
EKMGMUXHXPUATG7ZYXMDVRG2WA;USA only;Chicago
EKTQWNDVRV433KDIBE6Y535CPY;Non-USA;Uberlandia, Brazil
EKXKWTFTFTRBTJB22DIZ36B5HU;Undetermined;none
ELOB2BA6R2WMMRIOUBKYIIW55I;USA only;Arkansas
ELOGPYARCMOXR5FOASKRMMCP3Q;USA only;New York
EMEFSKGURYXNTDXD4INZ7G3XXI;Undetermined;none
EMHD56RCTNQVHW3UXI4N4MF6T4;Non-USA;Athens, Greece
EMM7HE6RJZNWIEK76SQLUEKQNA;Non-USA;Hartlepool, NE UK
ENEOC6ULTADQRJPZWR4FAYKODQ;USA only;Plano
ENXB5X6AUHYX4SK35FVTU25JJY;USA only;California
EOZPURFNII56ZK5BABEQXUQSCI;USA only;Boston
EP7U236FAW73YVFT4LDNYT5DTQ;Undetermined;none
EPCX6HAJO72EKNG7TTVBF3GEAI;Non-USA;Canada 
EPJMXPCKFIJEPYDKC372RWXE6A;World;Michigan - zNevada - California - Japan  - Washington, D.C
EPS6P6EMWVQNFCA2CL5TEM2LUU;USA only;Washington, DC, USA.
EQ2TNYAV7TKXS4NIUFYQJ27GXM;Undetermined;none
EQ53ZNTSIQJ4U4N2BXZYJZMO2U;Non-USA;Bangladesh
EQFMVOL64DENG6CKATZR3PZW6Y;USA only;Arkansas
ERJE6VGFXGCNFOENH5CSGBQNBY;USA only;Bakersfield
ERV4IW774QJGKBWIVW7IWYSZTU;Non-USA;Cagayan de Oro City, Philippines
ESI76HJZJDQ7INOHRPDSD5O7MM;Undetermined;none
ESMIOYC2WRA4X2JUCEMC7DJASE;Non-USA;Alexandria, Egypt
ET4PAKRIJFROM2DJ2OMTXLXE5I;USA only;Detroit 
ETNSFFN6KX4G32CYE7QPAZLABE;Undetermined;none
ETQJKNMNSA5QPYSGRWRI4MXD4M;USA only;Michigan 
ETXQVXTYO2XWDL5P4ODOYSCUOA;Non-USA;Australia
EUB2NM4LESGCNUWRNICGLCUC7U;Undetermined;none
EUDC6PHQTO6ZYP5XDBYH6X574M;Non-USA;Indian
EUPDZ7KUCHXBC3OWM6CHNZT3ZM;Non-USA;Montreal city ,Canada
EUPER26IDKAX3RFX6LWNTU4KCE;USA only;New York
EVNRHY2NZBO5HCFGO76ZZHRBJU;Undetermined;none
EVQ7MRAOOQHUTNYNRTCMUL3EPE;Non-USA;ireland 
EVYXLKBMVEEWWTSYT5UHJMBPQE;Undetermined;none
EWWKFA7KYG76C662JIWPAJ3DYQ;Undetermined;none
EXE24JM7UGB6WB72AXJ4XE7V3Y;Non-USA;India 
EYK4OSZWEZM3HQ5DFNOSP5D4CQ;USA only;California 
EYXDQN5K3N6326ZFM6RHUW3KIU;Non-USA;South Africa, Pretoria
EZV335CMIYIX5PFRG5PXXCSXTE;Undetermined;none
F26RO3WBAP5Z27Y4NI57IWY4AI;Undetermined;none
F2BP3XFB45V4AGDPHZ54FRNBXQ;Undetermined;none
F3AJWB4BNUCLSOU5KXTX44CB64;Non-USA;Yorkshire,England
F3LBQO5AYBBOGGNR6HLLMNN2YA;World;England - NW Illinois
F4IL3U7VPAFWVG4HNNRIUAHQ7U;Non-USA;Germany
F4XYPAO33N4B4HTOLXUJKX2SBQ;Non-USA;cali
F5VRTLN3BKTACQOW2UXAUFCE6U;USA only;Sugar Land, TX - Florida 
F77IO3IYBZNOKNLUGLVXONTBHI;Non-USA;Sweden
F7QRGCURK3QALEOLLBRQJBQQDA;USA only;New Hampshire
F7ZFQC77XRLF6BGHO2NJAUBZ4U;Undetermined;none
FADMLRFS4TRJM7GW5BXQLUNSKA;Non-USA;Brisbane Australia
FATOBETMZLQ2Y6TZL5EIL4X2NM;USA only;Long Island
FAYYV3FTZYSO5KKQ27IIHTQ6JE;USA only;Maryland
FB4XUJ5WN23BLVYFVD6ZATL5SU;Non-USA;London 
FBORSQKLO24JCWS7FEXR22X2BY;Non-USA;Nottinghamshire, United Kingdom
FBQ4QJDGAXDLA4IICTXIQQC6RQ;Undetermined;none
FC7A2VY3ER4DERGTE5PPZVZUMA;USA only;Rhode Island
FCSR3JVUOQEYVEU7KGUHGZXQK4;Undetermined;none
FCXG7DLUZAOZ7Z4NZBPQU6FPQY;USA only;Houston - Pasadena, Tx
FD3MDORXLQYBOZHRFGMBLP4ETE;USA only;San Francisco
FFGAHVYHM6Q4JV4ECOXFYOVU64;USA only;Oakland California 
FFNZOJYCXSBWXM4EIK2Y6WPJK4;USA only;US
FGYICWMLC4NHXA6E4V32GITQSY;Non-USA;Maldon in Essex, England
FH5LBWHOVW7J6QTX635USSPSIQ;USA only;Somerset, California
FHE7F4V2AS6IZW3G66IL3ETCNY;Undetermined;none
FHO6PAPUXWFPOVYKADFU26LMEU;USA only;SLIDELL LOUISIANA
FHSC7RONWLB7AWXVPNNOD5SG3A;World;Cali - idaho
FIBL7CK47YNGSDCLHGVGQQNTII;Non-USA;Noida
FIPODVCUEIJYUGS5LBZIUT3A2A;USA only;Seattle Washington
FIQFJSALUEGNJWACSWJJOBLIXY;World;Honduras - US
FJYDY7EADXRQ7AYZJPLM36BM6M;Non-USA;Sweden 
FKA5HI44TO6DUQTH4D3KZVDGJU;Non-USA;liverpool
FKAKMDY66YBICFV3PPSS62KPPU;USA only;Cincy, Ohio
FKL22UY5QS263BWLVXGNNRTIXU;Non-USA;Tokyo, Japan
FM5ENLRGOVB7WPASMCV6BHSYS4;Undetermined;none
FMA5A3JJVXL5RYPKS7V32LSW7Q;Undetermined;none
FMCYRN4I42YF5WWSUN7KXLSIG4;Non-USA;Scotland
FMRJQ6HWFIK56RCCCZNRPNVADI;Undetermined;none
FNYPAMQTOWXSXOWUECUF6EJZ7Q;USA only;New England
FO4FHFLOY63K7MU6VRQKWHSKWE;Non-USA;Korean
FOREDGLID6CPDY7YJQ5MN2XIEA;Non-USA;Essex, UK
FOSBPAADD4X7DHFUQNQFBN5JLM;Non-USA;dominican republic
FOTORNP6OLDZXP5N26TSH3VZYI;Undetermined;none
FPHJ4GGKHRDYKWI5NUVYLRH6XM;Undetermined;none
FPK3GDHZZUTI74XYIJX4ID3CCU;Undetermined;none
FPW2AUSPQXHTVFH67XLGPBLSFE;Undetermined;none
FQZEJT2GFTPF5Y3TDJ4N6YQXRM;Non-USA;Perth, Western Australia
FR2KTF3VC4B4CDT5NPHVB6BPR4;Undetermined;none
FRASNJLKWXXPB3CAWDZONZFM3E;Non-USA;Vadodara
FSKQUDZXM433Q3EZIEMOVJBUII;Non-USA;uk 
FSPTJWPZ7QPY6RMQENPUAD4A3U;Non-USA;Egypt - Turkey -Sudan - Kenya
FUFO6JXJER3KDXQZHJREG7OSY4;USA only;Phoenix, Arizona - Los Angeles
FVGCU2JUZHJDXEEC6VFSFPLHW4;Undetermined;none
FWVUEV6IBT5IGV54AZKIQXZYMQ;Undetermined;none
FXL63PSL66WOOMEYNBNAN2YV5E;USA only;oHIo
G24B2QVG5RY6ECFHIJXRGZ5JJM;USA only;long beach, CA
G3HWOYZOXWFR5WLE3QLPGKT44A;World;Tehran, Iran - USA
G43SSHOEUASKNF7YFULWZ2UDJU;Undetermined;none
G4EYTLTEOKB7WJIS3UOHIGLWWM;Non-USA;Halifax
G4F5LGYJ7I6GZJME4XAISTJMQM;USA only;Gainsville
G4UNXXC2UOR4CTTKQFAABYHSNI;Non-USA;Canada
G54DGQ74FD2RRAJY7VLHBMAKYE;USA only;Virginia
G5N7BHNCZKDQ7PDAUSZXJH3KSM;USA only;Michigan
G5OYT3FMXOSAXMQDKQZJO7P6XU;USA only;Virginia
G75LK623M35WZAFD73ZVWZHNJM;Non-USA;northwest england
G77U6XUOF4CZBGKI2EOF37KZMM;USA only;NY
G7S26EZO5UL2DWQP3HGP2HHOYE;Undetermined;none
G7WTYHCI7IY7OU6FJNWCFQCHUI;USA only;US
GACG7QP4Q5T263YZ67DXZWN2RY;USA only;Southern California
GAJPDR6NXCAX7F2MOUAFWHKBBU;Non-USA;Northern Ireland
GAUBBVTU4276AOOMBJMULJGY5A;USA only;Flint, Michigan
GBP3722OLEQZLZ2TWIMNX6QNIA;Undetermined;none
GE65I754BGYON2PU7VC7RZFORI;Non-USA;Brunei - Manila 
GEEWZ445YIQRT7V3BGTD4H5VRE;USA only;U.S
GEP2KXSM2GB732O6N6OGAL6HVQ;USA only;chi town IL
GETDCAYWR7CJVOGFNYXHI4BZC4;World;Illinois - Texas - Philippines
GEVNOBMCFER62PA6PIJ66E4WDU;USA only;Manhattan
GFM2EBA7FX3ONW67ZPYA53EAPI;Undetermined;none
GFQRJIJ4OAQRCWDEQ3HIAIKTWU;Undetermined;none
GFUL2QXXA4ZDYWGZQIWNHUGLK4;Undetermined;none
GGELVYYICUK5DVPHZNX4QNKUJQ;USA only;Fullerton, California
GGXJRZTXKUR6W23MO7RYVB7H7Y;USA only;U.S
GHOUSXXXKVJN67T26LGXSHNN7U;Non-USA;sweden
GIBZ3ZKMZGLSGIWRQPQIFMZWHE;USA only;Cedar Point Ohio
GIUNR7REGV5NM3TC45RG5ZBMYU;USA only;US
GJ2HNBGKY5K3WPVFOXGVILFOUQ;Undetermined;none
GJO43V2QWINZRT7I7ZIGGZFM3E;Non-USA;Tanzania
GJY564XIQ723Z4T76RFB5C746U;USA only;Knoxville Tennessee
GK2AIYC64PGFZBKMAWZDUUWJJQ;Undetermined;none
GKP3W5D2YQUGQLW7SVWN6SSJCE;USA only; Memphis, TN
GKXC7RCK3JL7P2XTMDDDA5B55I;Undetermined;none
GLB2QU6A2A3SMADH7MMJLY3PSI;Undetermined;none
GML27R4DWKBK4OFUMSQMYUXVI4;Non-USA;Panama
GMP44QPBWONONFFYRROJ3OLJRA;Undetermined;none
GNAX5DF2GV7QEO6NAHNMDFTGJA;Undetermined;none
GNEBUN3O44RIDUY6PMF2HUTSWM;Non-USA;Ireland
GOA6HTJZVELI4MJNHUK7IMEXU4;USA only;Missouri
GOU2GJGNHCW4WKSJXKY4KEYRK4;USA only;San Diego
GP7RPSOQXVUBVNVJ4K53NZVNDE;USA only;california
GQCAJQGZW2TG2ZD3BJZA4UYICY;Undetermined;none
GQD6LG3FIU2FCCBWJFHBZGAC3A;USA only;Utah
GQMUKR4726WMVXKHFYMFRZZMNQ;World;US - India
GRNGXZDIDTSSCVJVVV7LHA7GLU;USA only;Indianapolis, Indiana 
GTEQKCGOV33JUP2QEX7CVYPGQM;USA only;Colorado
GU5IPAUSEXHCUVRSKLMKORWBKI;Undetermined;none
GU6YVTRGQ7EV5HU6ZCDQJEKN4I;USA only;Hill, NC
GUCYX4QFY4T5X5BMOLYJNEJ7GE;World;south jersey - filipino  - puerto rican
GUVCR77UTDBV6IUHDDD7LUAGIM;Undetermined;none
GVMSD4F6V4T36UQVDQC7XOVUFA;Non-USA;Riyadh
GVROQU3KPIULFJFXSCTPDMUUO4;USA only;Vermont
GVTTQZIW7MSHNHA7KOLLTVMW3E;Non-USA;Holland
GXDJNTOWBMFPST4WF3KHEIKD6I;Non-USA;New Delhi,India
GXIRG7AM4ADRGL6Z6DQ7NZVDSQ;Non-USA;Germany
GXK6ZO47YFMSMHBFBG45T6X2K4;Undetermined;none
GXSXCBESDQNHZK6I6ONMESEW6Y;USA only;Texas
GY7SCCWSEQUWOLIYPBIMDJDMCU;Non-USA;england 
GYG2LKSW4OIV73UA3ILGL5U6I4;Undetermined;none
H23PWCCFQGA4QU5MYTSJFLT4LY;Non-USA;ARGENTINA
H36BUET3BC5QRSTSVQXJRC5O4Y;USA only;California
H3LJAUB75UBXSULBNNIBQUALVQ;Non-USA;New Zealand 
H3LT3RH3X2HPDLUESMLRMXQHCQ;USA only;South Carolina
H4QLSESAVG2D5SK3B5H5XHCZOE;Non-USA;Canada 
H6QQAAKZ5WZCRLFMXTAEZ4JTWI;Non-USA;british 
H6UORKSL4TJSXQM5Z645LOU7CY;Non-USA;Dublin
H6Y3XA4SLHC3SQIXHGZOBQVLCY;USA only;Los Angeles
H77666MAWW66REOCHWVDHTENVA;Undetermined;none
H77N7PUTCV65FWVYM43AAJYQJY;Non-USA;England 
H7HYW7I4M6DNGXVCAMNWAYZWV4;Undetermined;none
H7QRHPOTQUOD433MF2YQD5FLHU;USA only;california 
H7T6PLEQFUASOPIR7JFOB3ZWWQ;Undetermined;none
HAUWR5KYJLG4SPRVUBAPKB36AI;Undetermined;none
HBNLKKIIXAZYKURYHKAGJGYDJM;Undetermined;none
HCRQWHHOPRAPQAFN5OUEMLDJLM;Undetermined;none
HD756RZ6OQVGZWUOAZQP2AVESM;Non-USA;england
HE5KF2X6UQ4D3K6YEXG6ZG55P4;Non-USA;Ahmedabad 
HE6P3P2SGHXKK3KLWSHD5CIMMU;USA only;wonderful state of Texas
HEVZARIBURLUG5E3RE4TIZXQNQ;Undetermined;none
HFC3AZ4COI6QH5ZE2WAPFDF3XM;Non-USA;Roseville, MI
HFL7MAXC32QCTZIUUPPWFJCNMI;Undetermined;none
HFV5NMBOLDZPCSUDEDUI4YGT4M;Undetermined;none
HGEBOFXGJ56KLWIKMG4BRLVJ24;USA only;Pennsylvania 
HH2B3Q5UQPXGOLARNFGH3F3DUI;USA only;US 
HH4SMJP5JGNQ3WPXKB2EPUADW4;Undetermined;none
HHC7GFXIUHTG5PLI7Y46AVKOCQ;USA only; San Jose.
HIH76QGWIQSLQ2MJQQHFURYCGU;Undetermined;none
HJ7KHSGLKVWJRGCQQLGESEACDE;Non-USA;London
HJBLHWZKPSLTD6JSERSFVEJYRU;Undetermined;none
HJIOSPHFVDKI4SMWPR2QPJW2QU;USA only;United States
HJRQTMP7IRQPDCRMMXCAN74DX4;Undetermined;none
HJUDYOLRB4XR3UXLUF2KHPV74Y;Undetermined;none
HK6HE2KD47IAM4UCAHHAMCRDOI;Undetermined;none
HKWTTRZ5HJD4ERPHH4DA7UX5KE;USA only;Boston
HL2YLV34ZRACDRCZEILAF6GNUQ;USA only;California
HL4M2OYUSYYCETDGPL7DHBYRSQ;Non-USA;india
HLK5KNV7UMXZZC6ZL762J33JWA;USA only;Cali
HLOG7HQRIKOL7YLWDNEOYF6QHM;USA only;minnesota
HMAWK5MSPI5D6OAHUV4MEIRC4I;Undetermined;none
HO6UVSGTTT7GTNJXBXO4AXZFQI;Non-USA;Pakistan 
HOHJBLDPPHOQHLM5SGW3UV3OXM;Undetermined;none
HOWUCRW75NYH4NZWQ5UXDKTGYM;USA only;ny
HP2NWIMJS3FV2LG6ZALIODV63Y;USA only;colorado - san antonio
HQBJ3HJWF36JWADWMYW2UYLRIE;Undetermined;none
HQGYOC7BKAK7BXF3GO3LK6UXDE;Undetermined;none
HQLFXDFFMQT6I7GTIUFQQIAEHQ;Undetermined;none
HSG7CORMQPX3GG2FKTFI2FSVZI;Non-USA;manchester uk
HSTB5W2UW5IRGTEXMBKLQNWRFY;Undetermined;none
HTSSUQFKON3MTX2TONNQVKMLSA;Non-USA;WA Australia
HUHR372K36NUYPEPLVNSRHMQVE;Non-USA;Heathrow 
HULPNA3EHE627IJU763OSORA2I;Non-USA;Paris
HV3BGYA2E43JQEW3PQJDMRW5KM;Undetermined;none
HWRZMNT3NZSBYUJ4GNHOFCIW2A;Undetermined;none
HWTYZXYWXLKJXOGWIQTSWHOO7Q;Undetermined;none
HZ477EIJOLWYR4MSEWYIBEUXRE;Undetermined;none
HZCJVS5K5NHQARUP27DA2FC2Q4;Non-USA;wales
HZS4SANDBU5GVFG7YZ4LDWTIUI;Undetermined;none
I2U55WXHD37NS4RWIEVGEHMBTE;USA only;Los Angeles
I3OT7OEQRXA2AXLOMG5V56PHH4;USA only;Chicago
I57PBQHJTK4LGX4G75ZM64PLBE;USA only;chicago
I5QIUH5I66RK6U6GIXIULWAZHI;Undetermined;none
I6GGMQNYSJH4JNO26VXLQ6IHKY;Non-USA;Melaque, Jalisco -  Mexico 
I6PHHDTS7RQOIREOHHQGRG5U4A;USA only;Alabama 
I6XNQQIPA43IBZCSD2IV7MTZ2Y;Non-USA;United Kingdom
I73H534CPKTTGCTIGUY56KORCU;Undetermined;none
I7JQNKOBC4CXGH77E2D55T7AME;USA only;Chicago
I7ZPYJNWL7NQMUMMNMLCBRSU2A;Non-USA;Panama 
IANEUCGVXRHBCAUXFDLV6LZ74M;Non-USA;toronto
IATJNVRJHFVDFU42NU32Q2EQRQ;USA only;SOHO
IBVEZIGECOWTLXWUAX3HA74BNY;USA only;FLORIDA
IC4RSRFYDONQE6RSQUSGXXLYDE;Undetermined;none
ICCCWI2NGNWOTZID5MUP4DCVWY;USA only;New York
ICGRWC5PXXMJEFHEMFNDT2LIUA;Undetermined;none
ICRMC2EIR6DEMWNHGPASUWENOI;Undetermined;none
IDMHVP3TQJRFG7AX3TLCN4XJJE;USA only;United States
IDOHLFMJRZS643AFUT2MOOCKDM;Non-USA; Perth, Western Australia
IEDJXEIDLR7JSJPDFYN4UKM2S4;Undetermined;none
IEPBPVPYEJL3GLCIC5V2OHGOZE;USA only;dallas 
IFDHFZRJSVZP5MKM7YSS7D5HOU;USA only;Florida 
IFMKJIYLQQBDPIYO66IYJHDLXA;Undetermined;none
IG55DOQB5LMUIAU34RQXZAPGLE;Non-USA;London 
IGOFT5KHLPRDBLU27NY7K7TLC4;USA only;new york
IGWV65NDOQHEVHNEFUQBZAS7EQ;USA only;Dallas, TX - Colorado Springs, CO
IH6PWTX433XWQSK25LE5K7ZKCQ;USA only;Tennessee 
IHAJRSDTQ6FNX5JJBVHGA7X6ME;USA only;Tennessee 
II265YGATEEJL7WSNJZEESYGVM;USA only;Lexington, Ky
II44Q6DN5HX5B7KO7ALNZN25DU;USA only;port saint lucie - miami
IJV3RQB5PILU5Z5PA5WDWPAGRA;USA only;Columbus, Ohio
IL4SK7H5L3ARMTZHPRWFLQSFGY;USA only;Boston
IM4WMXEMHD6AXAHXHN4X2Y7ENA;Undetermined;none
IMSH2R7Z7CEDC7RFZ3LUG2ZXNI;USA only;san antonio texas
IMWFQVKGIRN7BW6N6V4YCHVH7A;Non-USA;New Zealand
IMXG4A2EY4AJGDK24VWYK4UX7M;Undetermined;none
IMZS7UOQR3BPBCA52Q6PT6YOW4;Undetermined;none
INENQ6YFSENY2SC556RYCLON6I;Undetermined;none
INMF5SD3VD7IC7S3CMSMPDGYY4;USA only;San Antonio Texas
INOVQ6VYQUCKCBP4RH6G4IT4NU;Undetermined;none
INSBSYLWHFTMXBWP5RZIGDNFOY;USA only;Indiana
IO2753TCSPMQJBF3VOMA5XT7UA;USA only;USA
IOKPRKASWSELGPNWI3O27AIN5E;Undetermined;none
IORM2JNH77JS46KGCHCZUAUTFQ;USA only;Buffalo 
IOU4BLQSFLBC7VVZVY7K2SK2AU;USA only;L.A
IP3MLFB2GJOXSDZLI5STMDKVYA;USA only;california  - alaska
IP7QI5M2LNZZT7T4MM6JL5VQ2M;USA only;louisiana
IPEEQLWZK54L4EEIGQQYKJ5DNA;Undetermined;none
IPLAIT5QG2PFDITPGFPLYUOTMM;Undetermined;none
IPNKRK5J2OKRECHQS2J2VZAD3A;Non-USA;Glasgow, Scotland
IPUS6MHIWFEAZB7XAJTCU62TAA;Undetermined;none
IQKG2MJPA4QQBQ5ZK3F5ZZIRNU;Non-USA;australia
IS4KBAO6XZ5R52LE6GLQTXCQOI;USA only;US 
ISLJANS5SUYTJ6TPTLJH2VRXIE;USA only;Kansas - Hawaii 
ISOA2FQVBNZDMJQV74A6C4IGF4;Undetermined;none
ISUQHBXXVZXONCHOF6NPLOKUEE;USA only;New York
ITFUJHV55DTBS5EBDWAIFVCRWM;USA only;Alaska 
IUFCK3ADVTB56RN74OUXWXQUQM;Undetermined;none
IUOQFLRFEQSZ63KJ4RVV4UB3NM;USA only;Birmingham, AL
IVCGIA5SUYSCIM7KMZKKVUGZTU;Undetermined;none
IVE3RPNFIHOQNESGI6KQRQUPCU;Undetermined;none
IWEGMXHAWIKAUPOMPWM3X5PM5E;Undetermined;none
IWPGK3SZWC23BH6B6LOGGB5SLY;Non-USA;NZ
IXILTHOP24H2RM5UYUCQHQTPZQ;USA only;Hawaii
IXO5QEQDF6TIEVKPY4TLGYN6EE;USA only;Oklahoma
IXYM2F36FM5KJSRJVANLGS2PNQ;Undetermined;none
IZBNNTFBTVQPG63D2H2IQW2ZLM;Non-USA;Leeds, England
IZJJYMAFA2Q5KSBPYPNLGWG5JI;Non-USA;Yorkshire, England
IZKA5MSX3DABVQFCJDZFI52EIE;USA only;San Diego, Cali - Madison, WI
J2VCRIRXA3AQJVZXFT4YZPOTSQ;USA only;New Mexico
J3EA6ONGEP6V5LHAGAILBAIF34;Undetermined;none
J45DVUSVSXSAKGRUESCZ4ZA2LQ;Non-USA;philippines
J4K5BYBRGNQATPL37MVQYQJDPI;Non-USA;Ireland
J5B3VAXEWZGBDJQG4P23V7IC4M;USA only;Orlando, Florida
J65U4IIKVE5YMQ4CC6ZXA6E25U;Undetermined;none
J6ZBSXK4FXKVR2P6P743OUX4Q4;USA only;Juneau Alaska
J7H3PRWSJCRNBFCQ226WYRUZJE;Undetermined;none
J7MJN7BTMJ6AIRY3TKML6GL664;USA only;eastern PA
JBIZC2Z7OYBZYE3UUR3RMUEFCI;Non-USA;Ontario CANADA
JDK3H35VYMXVE4SHG3RWVDBWMQ;Non-USA;UK 
JDQKIF7VEQQD5BSOTCLPGAYDY4;Non-USA;wales
JF2Q526SHJ2LEZGMMEYYBV32EQ;USA only;Ellensburg, WA
JFQERJEWIBLGVUTKBOIHIZ6IRM;USA only;San Diego, CA
JGCNE6GXONBGSF3ODUSTHAVFAI;Undetermined;none
JGD3TS4B4HH6P72AYKGFIOXEDE;USA only;Tulsa, Oklahoma - San Diego California
JGNGZYTU4N4OOEYBEIE5UOTN2Y;USA only;Delaware
JH7F2MCUQM3TFH2N7KRV5ATAI4;Undetermined;none
JHEX3OA7LZL4SG3CZLQM2Z6E7I;Undetermined;none
JICYJMBJZ3FMSHED42LSCIZBMQ;USA only;Arizona
JITEOXIGBR2TMKRJ455DYLIMRY;USA only;Texas
JJEO2GOJMTLJQ46TBYHNHTKHUI;Undetermined;none
JK453ROFNSWBCDGU4NETWKMWOM;Non-USA;kerala, south india - sharjah, united arab emirates
JK6SQGERUB7HBN5XTE3365YU6E;Undetermined;none
JKCEUTPC3XFZAX37CY23HJBZDM;Non-USA;England
JLWLYMN3FXSHCV2KJE4ES4A3GI;USA only;Kentucky
JLYEAVHE5YX2GR2OVZDI4GYQSQ;USA only;Detroit Michigan
JO7OEEQU2Z6EZT5QTIXT7LUKII;USA only;San Diego CA
JOQBZTN6QCCMBANMXFPSNBDWQM;USA only;Louisville, KY
JOVGGEYXR3AAVI262TBYOBICSE;Undetermined;none
JP2GGJVT52VKRVADYGN6RUZ6T4;Undetermined;none
JPIJI7NTS2W4L3VMCJEMOBPW34;USA only;Antelope Valley in California
JPL52LYAF7UJKYI2DGNBTE4WSI;Undetermined;none
JQOBZAUOZMY45I7F7EPFOIRSGA;USA only;Orange County
JQQ5MJADTE2AYCO5USTF7DN4FY;USA only;Michigan - California
JQRUAHVS75F6F2EVBCDLA5SAOA;World;Texas - UK
JQZPEJYA6CF4W6DFDNJH6YGL74;USA only;Des Moines , Iowa
JR3WZNXUAQXGUSGNOA4E3ME5KA;Non-USA;Canada
JR7SDBX6F3E2XDVEDBPJSM6W3M;Undetermined;none
JRHYJ4GFQJFOQYWOTTQ35XBIQI;Undetermined;none
JRQMM26PINYO2VHE6ZZ4SJIF4M;Undetermined;none
JRSIFALLROTECSO56QW46XHLDE;Undetermined;none
JRXJ7C47EFYMQXMEDV2MCVBPD4;Non-USA;Spain
JSPRVLWLTIQU3T5WPVNBXUT5FM;USA only;Pittsburgh
JT75LNVT23DWLTT7ZIXXWD4BYM;USA only;Illinois
JT7CC4HUWLD23E746N2EX3EAHE;USA only;nc
JTFFOG5ANBHOGGD2NJUAJNV3Q4;Undetermined;none
JTTBT3CMZWG7OACE3YPNBWXEMU;USA only;Northbrook, IL - Chicago 
JUF3OKP2YMNSJBW4Q65TQGG3OQ;Undetermined;none
JV2NZCFFBS6THNJ2RZVA4MK73M;Undetermined;none
JWC2NB6DQTCMS7BQLXSCKQYXYQ;Non-USA;Australia
JWDLE3PKAMMAES3F4DBSY57Y24;Undetermined;none
JWILJYDHXXNNWAEJGBO3CKLCNI;Non-USA;Vietnam in Ho Chi Minh City
JWK7OMMUDNTC6IW6KNUZOA6R3I;Non-USA;Egypt
JXMZH2VFGBPM7EIDOURLI6MSNE;USA only;Southern California
JXWSBXM2BQ2ZDOSXS36TFORBII;USA only;Alaska
JXZDARQWCKI2KYQ3B3H4ZQJKNA;USA only;Southwest michigan
JYRQZJI7JVAJL5GNQA3EIOO6XU;Non-USA;Florence
JZMOGCTUV7VHXPWHZ23STZMQUI;USA only;Los Angeles
JZV3QU2OJOGCCXPXUB3627T2AI;USA only;houston texas
K2Q4YBSPUDDF7YYMTBMN6JLNOI;Undetermined;none
K2WWYY5FPDSLYC3TUL7N3FDYGM;USA only;Chicago
K37S4HBJZZOETJPK6YRSR35CEQ;USA only; Beverly Hills California
K3HYVMVSUZZEDW43EU2BKPDD44;USA only;Kentucky
K4I3CJ764OK4P5UXO7QH26CSII;Non-USA;australia melbourne
K4UXAALD5UPWWIMXPTO22FYV2Y;Undetermined;none
K53PTTTAILJGH76WCBSYWS6AB4;Non-USA;Japan 
K5MJPIXHLSKZTIUFL4VTC4KEOA;Non-USA;india
K5OSSPVWGVAUO2GPJLYLEWBY6M;USA only;U.S
K66TOLIS7SX3DCAIWVDM7IK3I4;Non-USA;London,UK
K6LIA6DJULZMPNV3IGDAWGBUSI;USA only;California 
K6UXQUHRUEJZV7ADPO75LJP7RE;Non-USA;sydney
K7L6EUMHPAFFINKMBTKRAY4H7A;Non-USA;Ontario, Canada
K7LSNPJTJKYJOLIIZTB25M5UBY;Undetermined;none
K7OQUWWKGSSG7AJZZZCGAD4L5A;USA only;Chicago
K7U4JS2GK7YBN6P4SF6ZXQKIGQ;USA only;San Antonio Texas
K7ZKW5XCEVAWFAHIQZGBR2AVB4;USA only;alabama
KAFM5XEJGCW72UUAJ4SDO7OF4E;USA only;chicago 
KAIIOZ42Z6TNADCG6DIKQMICS4;USA only;FLORIDA
KAIQGCME3OKRB454SQDWZBF62A;USA only;Kennedy - Tennessee 
KBEPSCWFHCXC4YJ2ZIGWZSE2KI;USA only;Indiana - Kentucky 
KBSHLFXDZIM47X4AEPLDQKJRH4;USA only;NC State
KBZXUKXEQBNMOHMTHCYRAZJCLI;Non-USA;Dubai
KCKHEDYCZE45CFRL6FQU63XREE;USA only;Kansas 
KDR577COD6X65QUZVQTCH4B2ZQ;Undetermined;none
KECP5SJIWOMUOAAUGY7UF46ZGU;Undetermined;none
KEWHTN3FLOIBTVMGGPWNI25S7I;Undetermined;none
KEXI4GQ4UO6CGVN76NEI2RFV3E;Undetermined;none
KGHPW7HPQBSH33DKYOCZKL7MCQ;Undetermined;none
KGZ3MX3LQ37SWJ5AVTBZS5HHTU;USA only;Chicago 
KGZWAR4HF6X7HDGNJWBHW7SMMQ;USA only;Portland, Oregon
KHAHY2ANFNUPNDBLJAV5KVTBYY;USA only;Mesa, Arizona
KHINWJGDD5BZMH5CXNKBFMG2IQ;Non-USA;London
KHKGDDX22TCS2DFQJVP57RGITY;USA only;Montgomery,Alabama
KHQLAL42PP35GFL73ZXNXC7VVY;Undetermined;none
KHVB2KG7PEKDRSTLVLHB3Q3AE4;Non-USA;kuwait 
KI427EZIWLNRCBN4FMCQUTE7FQ;Undetermined;none
KIA3ERBNWWM4RCFJ63DGITSAV4;USA only;California
KIFM3JCU5TJFZQTYRYAZTNAZIA;Non-USA;Leicester,UK
KJ3U3UZDVY6OZ2EME5FD74LK7M;USA only;Pittsburgh, PA
KJVN4LWM2E55OBIQDEW6E27RA4;Undetermined;none
KKP25KGJ27RSS6EOZBHCNM6GM4;Non-USA;Northern Ireland
KKV7XUPNQI3VPM2W2HWLQ4FXJI;Non-USA;Toronto 
KNC5N6JCOX4TW347CRIJVWXGPE;Undetermined;none
KODRF3MD42EG4AKYWIVTYFTCAI;Undetermined;none
KORZC5BZ5CAMXL6I5WAI7ZLCUE;USA only;virginia
KOVATF4IUTXYG2GYBUY4IGJ5PU;USA only;US
KPTTMGZV4MP5VKHZVNOH5A5374;Undetermined;none
KQGXROULUO6SQJ42YPG65NLJUI;Non-USA;England 
KQOAQKAQSIZXYLA6T23HEESKPM;Undetermined;none
KS3OI7RQHTFESWNDLAWLWDDWBA;Non-USA;Wollongong, Australia
KSPQTXIQETVSX2UO4A6KU77ZNI;Non-USA;Puerto Rico
KT4UX5XV6MZIVZ6VGVRWQPREYI;Undetermined;none
KTPODTW62VSE256TFLU6EG5VS4;Non-USA;Athens, GREECE
KULOYTNFKJL6JYK647Y2PMOEA4;USA only;wichita, kansas
KWJ7QO3DFSVLJPO55IVNNNHL5Y;USA only;US
KWOUXXYCZFSUQV32RIZGMUOYXE;Non-USA;Birmingham - Brighton
KWQEZFHQF43HL5IAWOTZLFJIL4;Undetermined;none
KXJ55VQGOADQPEUQB53N2QCRJM;USA only;Kansas
KXSTNLI5R5XSREHJEGUWN6HYLE;Non-USA;South Korea
KXUXXOY2XPBHEPPWPOPRJZ63FU;Non-USA;Bangladesh
KZ4DMU5W3BBK3VDCGBKJQWFS4I;Non-USA;india
KZCSTYRJHMEGQPONZHDHOQICXM;USA only;Ohio
KZR2CKGFKFYJHD4BSKEXOLMVQ4;Non-USA;Cebu, Philippines 
L24OBQPFYZPOUYZPVHB7OSQG6I;USA only;New Jersey
L2A4NUEBVFTUFYD7WAHUH2F2J4;Undetermined;none
L367GBIVIQGOCJRZFMOT23RN3M;USA only;Houston
L4EOCLJKJL3Y37AILSZLNYLGBI;Undetermined;none
L4GOGTGQSZSF2JXYFP4LPAIWZQ;USA only;Austin, Texas
L4TGB6VSN37QCITURTNI6DYTUQ;USA only;new orleans louisiannaa
L4XIQWWIPROSTNHGR5HAXN6ENM;USA only; glasgow
L5TQIACMH4M2CEWDML5V3FHQMI;USA only;United States
L5UAA7VFBIEP7WOOKLKDUEQNTQ;Undetermined;none
L6LDCOB26LC7MXEJBA4HVNP4SQ;Undetermined;none
L7KW4L4FQFLSGVTMX53TTALS2Q;Non-USA;Indonesia
L7QCCHI5QJKARBWKWIBDGSYGCY;Undetermined;none
L7RLWOJ7NYLQHKXKP57MWZ6E5E;USA only;Hollywood ,California
LAGK3VUYTOPLPD3W7LTQKFIUMA;Undetermined;none
LATHZLMI7DGDUJMY5SL7CBUI2M;Non-USA;Drumheller, Alberta, Canada
LBM2BNQUF733C4JG3IXBU7HWZI;Non-USA;Toronto Canada
LBY65Z33ZSK7L6GJYKHAESVTKY;Non-USA;Philippines 
LCYCEW3QEKEUCL3W5KAZDUMFRE;Undetermined;none
LDXWVFYETYA42MXRR5Q5YBXDNE;Undetermined;none
LEBYNCWDA3FHQVI6SW6CZGZPAM;USA only;fayetteville
LEH6E4MCFKH5CZQ76DG57W37D4;USA only; Cordele, GA
LERVRPXJAYYWIEYDNMENU6KC7E;USA only;LA 
LGGZ2LSUPB5MVD25T2ST4OB5CA;Non-USA;Australia
LGJY2MEPBOCLTMQ3CUFNZF3Y5Q;Undetermined;none
LGUNHPV7BXQ7NGCT6JH5AZONIU;USA only;Michigan
LIIM33ZHKZJWEVG4GSV2VQQFHA;Non-USA;London
LIPUMRPFXEVMNGDU56V6CBOMVQ;Undetermined;none
LIRFI26RATD3K4WWKAK3KCOFA4;Undetermined;none
LITLOUQYDCBBON6LO3CYVIDDQ4;USA only;Chicago
LKTGR56VBVEVN6HOO3VUITHRVQ;USA only;Atlanta Georgia
LLBPDML5X7WCXGFJ4P325IELZY;USA only;california 
LNZYBVLTDCBAZZANPSYZZ35EDY;USA only;Utah
LOG7OBXFZ7KB24J22CET6PN4XU;Non-USA; Toronto, Canada
LON6UBDZQY4RPVYAKOJEXNAEEI;USA only;San Antonio,TX
LPSKBQ5P776SP2R34F4PUH5PK4;USA only;United States
LPZTZWZ2GRGUMKMQ7WVCXEVMX4;Undetermined;none
LRRGAWIWYPXZ4CPS4P5YWKF26Q;World;Costa Rica - US
LS2WSEBW4G2TUH73CYEXDGRJHA;Non-USA;Scotland 
LSE3E2BUH4774T5Y6B7I72T2LQ;Undetermined;none
LSSWGJV7UQU57EF63MZZYIZN4Y;USA only;Milwaukee, Wisconsin
LTEJDLNSQXHM2W6VRHS2TUAOXA;Non-USA;egypt
LUB75KV7XKQHNWLARRQHLQQBCM;Non-USA; U.K. -  Israel -  Australia - New Zealand - Bahamas - South Africa.
LUUDXWTGQZAWH2YGW5XTPJ23NE;Non-USA;puerto-rican - philipino
LVEA27TJDMLGRXATBE77ABHWHE;Non-USA;Scotland 
LVHFF2CVZ7EMJCCZ6FS3ZPS7NI;USA only;Chicago 
LVHHVNB44X2BH52K3RQ7X3XVEQ;USA only;Long Island
LWAFFUIIHZSTKWGFA2IUW6IEDA;USA only;US 
LXKUWCORA6A3EHEO5Z7W7OSINA;Non-USA;India 
LXQLIO4DUS6Q4Z3MDWCJ4B7C5A;USA only;florida - california 
LXURNB2PC4VU233L2YTZ7IMFQE;Non-USA;Switzerland
LYK4VU7PJJMEJ36RAESYBOKWYI;Undetermined;none
LZOPUWVZSQIULFXXW4OHCKIMVI;USA only;Va
LZT7ZBYN7NNWQPG7UZJZ3YYLU4;Undetermined;none
LZTRYIC7AHGM54I4X3SFM4L3QY;USA only;Chicago
LZUQR6RPKLKUTXS3DEKUSIS5XE;Undetermined;none
M2F552UWENFJGQQ7SD6N5EF6M4;Non-USA;south of Ireland
M2U7ZX5WSYZMPZ67TV7VHLO574;Non-USA;Philippines
M34PP54GFCVEKP32B3OXTFNBXE;USA only;New Hampshire
M3R5MT63JI6JMK2K6MZD56452Q;Undetermined;none
M3YJVHY6KEV3SPBTCO7RGWBQGY;USA only;Orlando, FL
M4SK2TPMGTDFSXWN66ZUFZIM4U;Non-USA;philippines
M4SNFFB2C2QMRRYB7MSFXIRSSU;Non-USA;Scotland
M4XEOFFMZUQEGTOJCVEPUTQADE;World;the States - Pantanal River in Brazil
M544PZSEIR2KMFMUW3SQRBDFPI;USA only; Houston, TX
M5WRMWZJWGFAG3VTSISRJ7UXJY;USA only;Louisiana 
M6VYAYTJBQ3VPWKGV3PTDU36MM;USA only;Missouri
M7F74TMC2U2AYC5HR5IT5BGWHE;USA only;milwaukee
M7ZQM56CPHLK4J25TGKFFKA2RA;USA only;california
MAGCRRG46566OBPD4Z7YVNDBIE;World;Texas - Virginia - Turkey - Arkansas - Illinois - Louisiana  
MCKSW7QRVIAIW6ZDKC3ASFPFXQ;Non-USA;Lanzarote in the Canary Islands
MCYYUBYD4CSSFAB3DHWEWALNRE;Undetermined;none
MDNXDQLL7A57TNJKLFAH6DBUHA;World;Berlin Germany - Texas
ME3GGS6FL4NIWOG4XBYDN2JDCI;USA only;Gilbert, AZ
MEXT4O6LPCJ45LZCCYFDXPIW2M;Non-USA;North Australia
MG3EHLZNI5IAASZPIR4I4EYCNE;Non-USA;Davao, Philippines
MH436A7G3P6MSLUNP7RJV6SFCE;USA only;Bellingham, Washington
MH5VWAVJLHKM6LFQ53IWVLRIFE;Non-USA;philippines
MHUIZHJSZUCO7CEEH4P5A7VI7Y;Undetermined;none
MIV3OM6IPNILPWZBYUBM6GHWNM;Non-USA;Dubai
MKAASZMKORGZZU7MJM3CSRBHBI;Non-USA;Poland
MKMNMFNYNQTXNMMXWDDTQKXTAM;USA only;CA 
MKMYNN7X34GDZ4BAYTM7JZGLLI;Undetermined;none
MKPVRVWNKD5WERANL45AC7FCHU;USA only;California
MLRZKTLWDV3MM3ROLK236Y6C5U;Undetermined;none
MNABSFR7MIVF5TCTLTDEAR2UXQ;Non-USA;London
MO4Y4ZOB2T7C2CJQY5OE7QIEZQ;Non-USA;NZ
MO7PYMJZAKQMX37I3FB5JZUVIQ;Undetermined;none
MORB67OUG4TBIV5L3AQOCHYMAU;Undetermined;none
MOSKZATPVOWUSB2MZLQQRNYDUU;USA only; Boston, MA
MP72HZT6NVKKSY3HWGDI2IRCNI;Undetermined;none
MPPSS7EMPNKZEKFE7CGXG2ZHXM;USA only;California
MQZ4YRPABSRYS3EVBWNUIKNZTE;USA only;Utah
MRDGPKTJEOKTQZ7LFI4FST5ZLY;USA only;Pittsburgh, Pa
MRZTDEGRUQZ2HT6TCKNVJCJEQM;Non-USA;Australia 
MS6ES2FICDVO5AXG4CZL25QIBQ;USA only;Texas
MSGAVREGXPXNNLXU4XFXSXD5HI;Undetermined;none
MTNDYYEED7PLKWN2WJOC32I4SE;USA only;Oregon
MTQ5PVR7PBCS2AS3VFKQDI4NXE;Non-USA;canada 
MTSPZTGOBKISXMC5ISR5O5YHV4;USA only;United States
MUA4IANELXBPEYDX7CUB3JHKRU;Non-USA;Melbourne Australia
MVEBVPJ7TQISVBGYAKSTRWKD4M;USA only;USA
MW3QAJKYD7AJIDYKSXHVQNTKUI;Non-USA;France
MWIGTM7J7OGSECKEQISUDQLB54;Non-USA;wanaka 
MWWO7ZI4UKZPTPKRVW4HCNPOBA;Non-USA;germany
MX2MFTO4H2FZZIQFNIHHM2BN5M;USA only;TEXAS
MXGW4IDPVGZUCFQRNTMDTEJLBY;Undetermined;none
MXLDWJM7PF3IBYPH5IGT5XSL5U;Non-USA;Seoul
MXSWRS7DOM6NNUBTYMSUD6NZ5Y;USA only;Greenville Texas
MXVKPVFIFHEWUVOUO4GLKWDAQM;USA only;Texas
MYP6ANSKOUYIT53M3PLBMUP2QM;USA only;MN USA 
MYRL4QQCWVMP2VOIVDKBYRUTDQ;USA only;Georgia
MYUG7EX7HIA6LC27OFS7N3B6HQ;Undetermined;none
N2S6ZGIKOX55K4KIUS7YGCHEKE;Undetermined;none
N3FPFZVQHK3EQGFV5GDZIGSQ34;World;Australia / the states
N3FZVMQ75ZPDG6IJFAAT2JBOMM;USA only;Lexington KY
N4P6275Q52JH5TDTSAJ2LVFSEE;Undetermined;none
N523BJ7OT3YYJGXMAZQTEWRWDA;USA only;California
N5HY2PDK5GQRCAJHBGHUFKD4OY;USA only;Texas
N5KEDJ3HMQK3JSUOWOZEFD7NTM;Non-USA;Belgian - Italy
N5P2MKEEEYRZISPY3YBQAGPB4Y;USA only;City of chicago
N664B6VW74PK5FOJMF546HBJDA;USA only;nc
N66KXC6C35YRAP2YC4TFVEKLUI;USA only;Illinois - New York
N6DLXPQQ44DPZF3LONXJ7ALY6A;Undetermined;none
N7GG7PZKCXBLRLJ5C7MT2WGNO4;Undetermined;none
N7ZTDVOXUAGVPQIO6YCPGTU26M;Non-USA;INDIA
NAX7CMTPWBTVKWCXY47WTX2QJQ;Undetermined;none
NB5WRRKXORYSYP4BPRNBTPUHX4;USA only;Tennessee
NBEVRTRQUX4R3OYKLXBP3VIKCQ;Undetermined;none
NBJY446AZDDKP6C43WOGMMAQAA;Non-USA;Montreal
NCGUXRMNIE3BMBU427REQWCHVY;USA only;ROSEVILLE, CA
NEB4I4WKFYAP3SX3D7GMNH2SJE;USA only;Brooklyn - florida
NEOTRMH4XT7LAME2BEY6ALPSXM;Undetermined;none
NEWBKMEHTJ3LGVJTR5ARF22MJI;Non-USA;Uganda 
NF25FBTAQDUTTTIVYZS6PWBIWI;Undetermined;none
NGQ2WFL4PBO7VAFJD7ZMHVEF3I;Non-USA;Plymouth in England
NGW3BDZOCHON6HZ62GCHOTDBE4;Undetermined;none
NH5MZID4UG2D2MJWFJNDHWHHXA;Non-USA;Canada
NIFAFVW4NXN5IOKFQ7MOXFU3LY;USA only;wyoming
NIG7M2AQCQK7N52NHOGLNQTZS4;Undetermined;none
NIGZMPAJPADEBGHE2FEJEXZLOA;USA only;Avondale,Arizona
NJCA7QROK7LUTBHGRUD2SMBXUQ;USA only; East Coast of the US
NJGAGGKDHQSSC3KQLL75HHDLMQ;Undetermined;none
NKBTPVOXCULRDU6PZ7ISZOBQ4I;Non-USA;Bulgaria
NKIR6DDIWAZNLJ3GDUHSZIG2LU;Undetermined;none
NKLU5BOVNNLBWCKLK4TXYQ6WYU;USA only;Los Angeles, CA
NLASXD3MUEDPXS6ORZTS4AAZ3A;Non-USA;Bandung City, Indonesia
NLVHORNWW23BKEH64CAXNTUSDQ;USA only;New York
NNX7AC4MEUFCB3RLDB4WEQ2PY4;Undetermined;none
NO3RUER33SCFX3H7WKNR4N7IBA;USA only;West Chester,PA
NOILYE5FVC54X6IO2Z442BDX7E;USA only;IN LAKE WORTH FLORIDA
NOMHUCWMY3WXEMFJW3GTK7I4ZY;USA only;Hawaii 
NOWHIIYW5NJWKJX2ZRG4H57QPU;World;Germany - US 
NPQ7S5KLGXLT34PQJV3HJODOEU;USA only;Texas
NQ5GP7VBYDTT56JDNF4BIQ336E;USA only;Virginia
NQDH3655IFXS3IRQGJIQITYGJE;Undetermined;none
NQQ4FJUAYX6SO6RYGF6EOJEAJM;Undetermined;none
NSHUWMWHJ5GRCPKCKS7KH5FPMU;Non-USA;Jersey
NSKNKJ42MIZSMWEPBXBOY4CI2Y;Non-USA;Glasgow
NTRNUFDBVZZKZTXDPLTU7OP2MQ;Undetermined;none
NU5LJ6YCY3R5DGDKEQMKNX3JVY;USA only;Wyoming
NUYMTIE2676E42TXTBAOA573KM;Undetermined;none
NVAAWJS37ARSQXZPCHLCY24QGM;Non-USA;Pakistan
NVAGPUND6D6YGERKTPTBQTYAOA;Undetermined;none
NVNP7PSXZIGN77SRZAV52PHR3Q;Non-USA;Asia,Singapore
NVRT6YCNHREELQCA65OZOKVNFA;World;Northwest, USA - South Korea
NW4H4ZMVMYY6WSWMCLXFTC5VVI;USA only;Norfolk
NWVY3MPQO3GYU52K3DHQAFUJGA;USA only;Miami
NXAIMAO5L6M3JCE64PG6LTMRM4;Non-USA;South Africa, Germiston
NYRDNGHB3K3BHYUZTUI6FELEWU;Undetermined;none
NYXQBEGDOUNGM4L4QDBWCHM4SM;World;Maryland - North of England
NZVNAZGM2CAETTI5M2ZAT6BYEQ;USA only;state of Louisiana
O2F3OUBE7KB6LOJUQZFLEQHPNI;USA only;texas
O3DWL6CZOBI2QL37RSDNDCOTTE;Undetermined;none
O4PHMPMPDOH25FWMH6KE3WOZNE;USA only;Ohio 
O5P3K7O5JXEKRI4AHHQ3BOWVXQ;USA only;Delaware, United States
O65OTZU5RDNBJKHREM7MT2KAQ4;USA only;Oklahoma
O6VAWWBLM3VZFI3WSHCKYAVY74;USA only;Albuquerque, New Mexico
O6WKKD4GIQYBVIXMNKFPTMFY2A;USA only;Florida
O6X5I53VXMAERPYL7SZUGVA7FA;Undetermined;none
O7CGDI5ZMVI5BCV5TG2PFMPMN4;Non-USA;canada
O7GJUHB5OWD7A2IETWYKRJ6WBY;USA only;Orange County, California
O7XDXVVVJGQXBUGKWIKMAYZ6VI;Undetermined;none
OA2K34BSAXA7PWPJKA7PJCOJLE;USA only;new york city
OABFXBXRYSNXWGLFSRRBO67E7M;Non-USA;Athens
OAFSDW3QSV4WVGVYV2EZ6W3TJI;USA only;Idaho - California 
OB5E257A4KYL54TFLGGXGNFNG4;USA only;California 
OBP4WSMZ5FBYTC7GLSX75R37EI;Undetermined;none
OBQNFTCJNAFCMGFMH4IXU6DJTM;USA only;Minnesota
OBVFNWWSWKIW46XT5KWUBBGO7I;Undetermined;none
ODR6ERAYNW2KYK3DZYMQEPAENE;USA only;cleveland ohio
OELNHN4L7H2KFRY6B4XOTCQVY4;USA only;california 
OFGH2TMCD4OAWZRBTKEBMH5YGI;Non-USA;Saudi Arabia
OFP2JZHQAAFZFRK27HXIUURKB4;Non-USA;IRAN 
OFWSGNJCRDADGGYFB77TD5MSWU;Non-USA;Czech republic
OG63ZBQGWUGO225ZY6H4UB62RI;Undetermined;none
OGEOUCU3RV5PVOZW7FUD4U42FA;USA only;Mississippi 
OGQ6O7OKHNQ5LMGID23XYGUENA;Non-USA;Sydney Australia
OGXJC4VDFZEP47PFBZTH2NWX44;USA only;New Orleans, LA
OH4UBZ7SOMKAG6PPCKOVUEHZBI;USA only;DC
OK2VJ3OYGWLH33QCA6A2KJXF6U;USA only;DC 
OKTEDOLR67INQP546BY24LJSII;USA only;San Jose
OLW56STVLESLQUUID2CDXNSQGU;USA only;Atlanta 
OLYE3BWFTIG77RZFY5O2YAAMYQ;Non-USA; puerto rico
OMCCLJTDNOBGHJ2SP7SUBKYHNU;Non-USA;Philippines
OMRKO67YXYP6OEHCLRFVPFOJ4Q;Undetermined;none
OMZLX7ZK4YTFMUWZAC62YTNRLQ;USA only;Minneapolis
OOBTU7IDRYT3X7VZMTYMLFDKHE;Undetermined;none
OQDMZUI4DUW7AB264SCJT2UAWU;Non-USA;Sydney
OR3K2UF4H7GTLSIMNA7T5ZJCPM;USA only;Texas 
ORAGEH2XHABQCWFDEU3YV6DFTU;USA only;Silicon Valley
OREIUSWZO73HSY63WDWP42VQM4;Undetermined;none
OTYDXM5FZIPIPQXNFPXP2GBZSM;USA only; South Mississippi
OWBBVOICKGUEMO4UBTPBCU7WKY;World; Islamabad, Pakistan - Arlington, Virginia 
OWIKCBLXZ2GIMYNDZI3XUMW75E;Non-USA;India
OWKUVC2QBIR3MSQ2WH3YIPVCRM;USA only;Houston, Texas
OWTOFUXPX7RIPHW2GHIUME3ETE;Undetermined;none
OWZZ4XQDLKPLUPO3QQQUZOFQ4E;Undetermined;none
OX4VTMSUIJCCN4AVRAZDEV3LNA;Non-USA;portuguesa 
OX5A5WYNFSWLYUWLYJ3RZYL2JA;Undetermined;none
OY5ZL2CHJPNYDW73Z7TZ4MX3G4;USA only;Ohio
OYGIFUFY6DJE5NKYZE7Z7HYZSI;USA only;Wisconsin  - California
OZ6ARFTF2TYDVWSSIUU4FTPNWU;USA only;Wisconsin 
OZGUTJHGOUNAB2563YA2ZFELPA;Non-USA;London 
OZK7CTXSHG6KRAS6ZVKBMYHFOE;USA only;florida
OZXS75FZUENBU54C3G3PUG6PQA;Non-USA;ireland 
P3LXFH2N46QSBC5MWBYKZRI57Y;USA only;chicago 
P3MIY4F2BZSIQV363LTJ75GP7Y;USA only;Missouri
P4FEV3WWYV7G3CT5SP2ZQPIZ7I;Undetermined;none
P4YKPA7IHU5DLWG67HICCAC4JA;USA only;Oklahoma  - San Diego, CA
P5MI3OPQZUWVUJWS5A2F4LUXKM;Non-USA;Germany
P5MPZKOW2A5AT5FDJ4QZ333AU4;USA only;Hollywood
P5RX3BHIQFZGM3J2HQRMNCTDZQ;Non-USA;Istanbul 
P7AEUZ2MSPM6QIXFYZIBJWNYPA;Undetermined;none
P7TKGOUYJGQMKH5GJI6HCA7C3M;USA only;brooklyn ny - rockland county ny
P7WEJN5DER5SWELLBCQLT2SORY;Undetermined;none
P7ZGMPLSTPP5N4Y6USLONFIEKY;World;canada - usa  - india
PANDAPQVH4ROTJXTSXUHV54UFQ;USA only;Texas
PBB5UZROB2OHJKS232FUO6PHTY;Non-USA;INDIA
PCFWLMSGA3JA5GK4TXLF4SINXQ;Non-USA;Canada
PCTA7CERW2OCASNL6FWBWOT37E;Undetermined;none
PDTL2U2LRJJXNIRKUMRMJTMTXI;Non-USA; Auckland New Zealand
PFDPIAE7WLOEQSG64MG5QU6RG4;USA only;New York State, U.S.A
PFG4SRVE5ZCS5N2IOVBO2Y3YYU;Non-USA;Indonesia
PH2Q6B4TBGLEN7O5LQ53SO6LPU;Undetermined;none
PHUTWE5CDZKBYKV4GJNHWIGE5M;Non-USA;Romania
PHVNOPINCMNDJB5ILZNX7ADSFY;Undetermined;none
PI4Y3N6F7FUG7G43Z5GQN73WUE;USA only;MERCED CALIFORNIA
PISTSFKZGEFXQNM4WK35MOMVSM;Non-USA;Scotland
PJ2ZAHRU3OG4FYDUYYDGNKI6QQ;USA only;Florida
PJ3EJRR4VAPJZFVKJZ4C6PSOE4;USA only;Detroit, Mi
PJCWGZ6HISQ4PTMVT7C5WHGJGY;Undetermined;none
PJNOSDWBO6SK5YOSHGBT3V46AM;USA only;San Diego
PJQ5MYARPGODA6QSVGXUV7O63M;USA only;Chicago Illinois
PJTLB7664FRULA7VT4WUXN74FM;USA only;Fort Lupton Colorado
PK6ATXI22Y4C7ZAW3OPGGY2NMM;Undetermined;none
PKESV3HRQVZG4BOCVNIFWDKBNI;Undetermined;none
PKQ2D2TRLC6W5VQW63P3IT2NYU;Undetermined;none
PKZRH7ZY5CTE3DILZEOAPTBPPA;USA only;California
PLCLHURW64JNCPBIT3V6HYQLPY;USA only;Florida
PME26OWLSE6JKG56QGHEUYB4VE;Undetermined;none
PN42RSGEQGTPRLKENYI5SYJE5Q;USA only;USA
PN4YETQ56GXU7GULSWUGV6KD3M;USA only;Indiana
PN6MHC6X43ENRRKVTJW4WPOWRM;Non-USA;new zealand
PNBFCSB5CQVZUSUKHO2Z5BALIY;USA only;Texas
POBH5OBSPCOZBYJQRCVZ5NSB4Y;Undetermined;none
POK5PHMS3ZVPURMRFDDBGSTCLI;USA only;New Jersey
POU7M64UTCVUQ2HQSVVWDAD7IU;USA only;Santa Clarita, California
PPMZG676WGZPD7FJNHDE3PCCBY;Non-USA;uk
PPPYQINPOB6ZD4MLPAD4ZRLU54;Non-USA;England
PQ4SDFQ6NPADMF6CKFVWLPVDX4;Non-USA;Canada
PQGDOOC32AYOZ2OR7EQOOBDWWA;USA only;United States
PQTZT27JCSU5KFWLO4X5O4Z4KQ;Non-USA;Croatia
PRJFDC5UFVBIFSNNE4VEPHMHAM;USA only;Oakland CA - Stockton CA - Alabama 
PS4X4LAQAUV5EYFZSENEG333VQ;Non-USA;Uganda
PT5GXE32FNFTJBLTAPGGWZZJLI;Undetermined;none
PUA67NFIVPKOI5XBMDXAFJAJYU;USA only;Illinois
PUDPWOG7HESC2X7P2KIW7Z63KQ;USA only;San Diego CA
PVLDGQDM3RC3ZRTTL4EC5EEJU4;Non-USA;North of Scotland 
PWOHIWLV2IPG3WUQE7A4NHFMMM;USA only;Michigan
PWPZEUY5HFKS3MX5D7NAPOBAQQ;Non-USA;India 
PXKTG2YPMLEQSFRSGCZHWDBFRE;Undetermined;none
PYWNLOEIM4JGTZFQ3VHCRGCUGQ;Non-USA;Baku
PZKK7FS3NYLH2UZCDLDS3NTSPM;World;Iraq - US
Q2AYYXUMRE7PAORZVUBLLJLAXQ;Undetermined;none
Q2HFUENJLBZTXWD3J76VRRQSN4;Undetermined;none
Q2NNS2UY7NO2UDA3SAXLYYACC4;USA only;Atlanta Georgia 
Q2S4NKLP6R57D7TLAHMIDPXTJE;USA only;Orlando Florida
Q2VTOMDRLENOWO3ZYNY3C7FE4U;Undetermined;none
Q3DMU2RGGTTD5SBNEWM3Z65CEQ;USA only;PA
Q3SMRIBY6IWUSQLUS5CA7LIDMQ;Non-USA;canada
Q3WYTXEBSWO5TQUJRFTOIDTLPU;Non-USA;Iran
Q4UG2V2F7HGR2QXZQBLETUNWDM;Non-USA;LINCOLNSHIRE
Q57UWERJQGL3ECDKKSKZMCG24Y;USA only;Michigan
Q5EU2S4XJ4GC37QK5GDTT57VWM;Non-USA;iran
Q5GQCJ3L2Y5NQXY645XDFR2UBA;USA only;Texas
Q7HOH24S2L5UNWUVJWEMDHNGOY;USA only;Tennessee
QAW4MUTSJJ7T7PG7SYZEULPNNI;Non-USA;india
QDIIFDV3UASL4TDHSADMUCADSQ;Undetermined;none
QDV6NX43YTFBZZUPIVE3BYOYSI;USA only;Watertown, NY
QECCCHWBEQTXL6ZLMQNEFJFP6U;Non-USA;Wigan in the Uk
QEUVW24W5RT7T5SJD6UAQ3UP6E;Undetermined;none
QF5M4JNLT4ZVXZARVJPO4JXT6Q;USA only;Mississippi
QFTXBXA5RFV75INEUHCSXRGNWE;Non-USA;UK
QG3XHUBZVKYXONB7S5BBXRIPKM;Non-USA;Italy
QGBVP2WC6VIJYD4CXHRHK7ISDQ;USA only;northern minnesota
QHWJDOIMO22HN3VFNW4IRQX4SI;USA only;South Florida
QIRO2WTQGGRQ55Y3FJVHSH4XXI;USA only;MA
QJUFUGKHNHD7MM2SZPBJJDFBGA;Non-USA;Serbia
QKU5HTDMAKWPI7L3XO3SUYAJN4;Undetermined;none
QLDC4J7X6NKAGXW6HEVPQMSAGI;Undetermined;none
QLG6T33JH2JOPXTDYR4G7BGAJU;USA only;new york - california
QLN3EX52GLX2LFSNHHFKMB7BSE;Non-USA;UK
QLZG3MHU52OLRPM4PUDKVXTOOI;Non-USA;Thailand
QMDN3G6GK2BLJUZGI5AXYZI7UA;Non-USA;Canada
QP3W75WRPNCGJ74I6NY2GMRCFA;Undetermined;none
QPBGJIVKK6DRLVJSC57QST6NGQ;Non-USA;india
QPFZ6G5KMGRR3XLDLGUMMI6RT4;USA only;indiana
QPH7HPN246IDSQVWFPT3NNY62I;Undetermined;none
QQFDYTCOXRS5MURRRSL2APP7HY;Non-USA;Karachi
QQIO2SFHFOANFF7XHRWO67JKL4;Undetermined;none
QQV22MDI2BO7ZJXXPOQQYUWLII;USA only;Maine - RI
QQZQ4QPMZ6RH6DXOULMIVCGMB4;Undetermined;none
QRM2Z7S6EIHBKM2ZMNT4ZL6C5U;USA only;georgia
QROTPS3NKOKKE7ADRJYWG6CZBQ;Non-USA;india
QSFH2TEEP7OOQQMW34TSO2JKXI;USA only;California
QSOGF4LTLFIBOJ7GSPQZXVLEJA;World;Vietnam - US
QSPED55KS6LBLAESK3AS2TUCJA;Non-USA;canada
QT3TV75Z7UH6W2Q2IMUL7SDPWM;Non-USA;Wirral, UK
QULIVX7S4HC7AKX7UQJV4HGSLU;Non-USA;North East of England
QVTL5POSCUWYHFNXWP3TAWDG2Y;Undetermined;none
QVTX6X2FBZVA3G375HEAZEZC2Q;Non-USA;London
QWNCQWFXEBFLSELA66VULTEY2Q;Non-USA;northern Germany
QWXYL3IDVUJ2T4HVHUFJR7LV7E;USA only;Ohio
QXV4FSYAFTC5BC5SEAD4TC4JEE;Undetermined;none
QXVJCQFZ5L5HSJZFCBABZ2ITVM;Undetermined;none
QXXNOTASF2XQ3MAJOWGPZ4OFTY;Undetermined;none
QYEAETDFSZRRXCWTL3LPQOLLAI;USA only;florida
QYYQMNJJOUJV6PESB4N5VDSRQQ;Undetermined;none
R233SPKRPGQYWZAB2M2VP2X3ZA;Undetermined;none
R2KLQLDDZJPM4JVZBW2LERWMWI;World;Santa Cruz, Bolivia - Middle East
R2LLIWL742KZ2VSGFEYDHIIKJM;USA only;NJ
R2O45H6QVGCIY2RLI4MXNZSP5Q;Undetermined;none
R2W6E47STS35BMS2BJOPHTAIPA;USA only;California
R2WQ5QZB7ASKAPZEIT33FC6QNY;USA only;US
R3AMJYRM5SEDFM5ZNVNIJJKCJA;USA only;Arkansas
R3LQWVCG6JSASF7RBJIJUKL2NQ;USA only;California
R3UVNIC5DPNZBRCBYCJAXF5SNQ;Non-USA;Fremantle - NZ 
R456WYPL547I273UBGS6EZKY74;World;united states - vietnam
R465LYBXTF3Q3FMZDTHFAKKVSQ;Undetermined;none
R4BJ2BAYROQDDZXSBA4AMYYH54;USA only;Rhode Island
R4YQHBT3ET4526QZPKNZ5WNTGE;USA only;North Carolina
R6UTQHA6XA3YC4JPPZ6NKSUUPU;Non-USA;australia
R6WZZKDFBTEB3EL3UMAV3JH4JY;USA only;Northern California
R6XRZUUO7FHJT45P3ENVJK5YWI;Non-USA;London, England
R7DMZDTLVD6FDGR3RKOKFITL7Y;Undetermined;none
R7SYT6HDTVZO6K5MRLWGFKUYPI;USA only;Chicago - Manasses
R7YI4SSOIVR4VG37QL2MUP3QPM;Undetermined;none
RA55O3KKCUNZGUVXNHSVSRRKRA;Non-USA;UK
RA6D4KR7NEEMW46XMEBJNQUZZQ;USA only;San Francisco - San Jose, CA 
RAKXDG4QN47JIRYDA2DBSY2CBI;USA only;California
RAU4METLWFJEVPAJZEFMJG7YEY;USA only;Connecticut
RBTKY44SNFRU4NSO3VC7CPZJJU;Undetermined;none
RBZVIY2VXPWJWLOAA6GDI3APYI;USA only;Philadelphia
RCHV4TNH5XJZCSONF5TFO34XJI;USA only;Lubbock,Tx
RCMNHN5UWOEKDHG7D6OJDLHD34;Non-USA;Hobart, Australia
RCWGHJOUB273KF4UGY4ZIPLZ34;USA only;ONTARIO CA
RD73PZWKFUSMHDLMONIPIWI7T4;USA only;Dakota
RDHPVUWC6MKMPFPRJP7URY6LZE;USA only;Dallas, Texas
RDHQQFU74D52OBLFXAB7RPJLFM;Undetermined;none
RER7BKKZXACDQEO5H4YFMDRGNU;Undetermined;none
RFSC77OFHTDW6WBXIEYC4CTZQM;Undetermined;none
RG4YSHLCAIYWSJLKCUMRKOUEAA;Non-USA;British Columbia
RGZTOV72QGOPJAL4K7EPDA3IGA;USA only;Denver, Colorado
RI5VCGO2ZNUVJEQWMZOVDO2MEU;USA only;bristol virginia
RIKQ4GK7S7YVKQLM3KD4OJQGGQ;USA only;South Padre Island, Texas. 
RILPVUP6H2ZU7CLLBLGOIK32IU;USA only;Talladega - Atlanta
RJEH3GJXFNMULVXCYFFZUC6IHA;Non-USA;Philippines 
RJYZHUJHCU5ZMN4FAEY4FPZ534;Undetermined;none
RMFE5V6ITVKKO4XIJXKPBBYJDI;World;NYC - Mexico - Canada
RMJOCRLF2VENCQXHIMPQQ4TYZ4;Non-USA;Germany - Glyfada, Greece
RNEP6FMJDWYHHSO36G4MAG7IMI;USA only;California
RNH7DOHL7PDTCH7L5NNMKLHSGU;USA only;Michigan
RO5US5OMIESTALRJ2QIXE3KY2E;USA only;Ca
RP32CMRAFCIDEE3YHICYKDRROY;USA only;Philly
RPE2STFNM4B3XXX2LQH6ODKJOM;Non-USA;Philippines
RPKSGNL2KTGY4RBPD4WA6HCYNM;USA only;California 
RQJTVUCDXXO5AY7TAWLG2ATKSI;USA only;Arkansas
RR5JNTMES3YRV7JH2Y2HEY6Z5M;Undetermined;none
RSADVH5KGCTSGE7EV7AWLYRWIU;Non-USA;Flores Island 
RSYOQSS374YTLCMPDTKOXMWZII;USA only;Texas
RT7AXZWB6U6PBTBD42HE6O2ZBI;USA only;boston
RTBLXPF4ISGSONRSGEYHIWIF24;Non-USA;Bangalore,India
RTKQQN3IV6E6UHQWAANWFWD624;USA only;Seattle
RTLOHTUEZXLXOCFQ5PWNA7PTLQ;USA only;Orange County
RU7GH7D2UNYO3SJG5NR3Z6HOWQ;USA only;Atlanta
RULVLHWCIB7HLXXOGBEBQEJOLI;Non-USA;India
RUUUZQNY3T364ISONAMVOM5W5I;Undetermined;none
RWDXCLKCA6RKPT5IH7IGZ3L6ZY;USA only;south florida - Pensacola
RWFPRIN6EOIQAFGRZZG6MD3A4A;Non-USA;Wimbledon, UK
RWJ6V7NY7UH2WS2CXKRI3XRXTQ;USA only;NY
RWN4EY5ODNZRELCC7LK43FLELI;Non-USA;Ireland 
RWOHPKZQTQZIINNKNBF3UPDBJI;Non-USA;Colombia
RY4W2DKSHLBNHR7JOFBBF65BX4;Undetermined;none
RZHJMMA335S2JZO7F547PCU5EE;Non-USA;Liverpool UK - Turkey
RZQZ74U7CHRJMSYP6G5BNPICGU;Non-USA;Dublin
RZWIWV6UUUIEVQNW262OKPYE6M;Non-USA;Australia 
S22BTJVG2OVXNDVODYO6QTMZOE;Non-USA;North West Kent
S2AO2URXMFB44MHPYOU7F5LYM4;Undetermined;none
S2YSORP546URA3LDIY76YQUYPE;USA only;Texas
S346OE4B43JV4PAKXANHE7Y4UM;USA only;Nashville
S3CDPABEV7B5LXVU4DJJHEIWXI;USA only;San Diego,CA
S45Q77BTYVSRRPBZFZJ7G22ME4;Non-USA;Jamshoro, Sindh, Pakistan
S4PVHVQJFSMSNBLE53OC5GE7YQ;USA only;Texas.
S4ZZME3CIA5WFG4DULDZO7VETM;USA only;CHICAGO
S5AGW7AJIB42CEQG5BAVP7JYGI;Undetermined;none
S5VOA4WABE4735FKYCWPDLMHHI;USA only;springfield,ohio
S5XTJ4PCY7RK3SWPWO53WPVLQA;Non-USA;Argentina
S7ZOUGNZ4GJX2ZXN6TRLUVCJZ4;USA only;Kentucky
SA2D2JOBEXNVYU6RERSYVO66BU;Non-USA;Wales, U.K
SARZNBPSUFGWT4RQ3ECGUGWC7E;Undetermined;none
SAWLYL2EONRC6MR52A4W67H2V4;Undetermined;none
SBNMPGMBEGKZMTB6R5JEKGOGWI;Undetermined;none
SBS5ZCKTU742FDXLUAFMCWYFRI;USA only;mempis tn
SBSJ5GILQHO7JQX4QDGLAH4XTA;USA only;San Jose
SC2ZE22XQXJ4IVOVHPJAH2HIUQ;Non-USA;argentina
SD5Z6Y666CXVVBAIYAA5FXJAJQ;World;Connecticut - peru - New York
SE7GY56J7IMXDV6DF7V2CSADRI;World;europe - US(New York)
SEESPRDJO6AA4A5ZASYAIAZ7XY;Non-USA;Australia
SEG3U6VQFI6FAGWC3IDANLD77A;USA only;San Francisco
SELYY46GJCMK5ADQ75ZSMJRLYU;Non-USA;London (UK)
SFJL7AH3RATI3VEBFK4WDWQ2SE;Undetermined;none
SFTAXGDWRYKDABPAGND7FFXZL4;USA only;Massachusetts
SFTCMZFHEYPFKSY5CEHHFDXDWA;Non-USA;Manchester, UK
SG5FN7WFE53LD5SRBGGV5US6TU;Undetermined;none
SG5FQ36SAZYGG2UWR7E24FNOSQ;USA only;San Diego - San Fransico - Sacremento - Portland Oregon 
SHC6L3Y4JGJYELVUR3LSNNAUZI;USA only;north carolina
SHNHKECAPA75RM3IIDIXMDTJ6M;USA only;central Idaho
SICLBSTVNMOUDYZ3Q2YVYWEFXA;Non-USA;Transylvania
SICTWXI4WFUSBFOCBP77WEK5QI;Non-USA;Nuneaton - bideford
SJFSZP66EMOF5CHVFQ2AB2D6LY;USA only;Ohio
SJGEOFSHQMMS3PFT6I2SFXJSQE;USA only;Hollywood 
SJSXZDPUZL2IYVFTNSSOX5WLZI;Undetermined;none
SJTUIVVKUVZ2IPWJQJH34U4WO4;Undetermined;none
SJXNH7ARZZCRQHYHPPUZCJ5NEQ;Undetermined;none
SKKERZI6UQ7FBBVCX4ZNBXSLZI;Undetermined;none
SLGI5NNFBV4LMCAQLP5XEVR3DU;USA only;Southern CA
SLVVHQAZW27S355PPM4UX2YP5M;Non-USA;INDIA
SM2FXQYBAH2ZHQPLVKQHNLGMHE;Undetermined;none
SM4ZJADU5H53VJSJKHWOCQPFTI;Undetermined;none
SMN34DQRCGHZF6V6DFU2WTHVCY;Non-USA;Iraq
SNLBLOTARSMGI3TWT55C3NETMI;USA only;Michigan
SNLMARFYKLP3TKC2ABUDIH4GXE;Undetermined;none
SNMGJH672Y26W5K5DLVMBU7QKQ;World;Ukraine - Florida
SNV2GBIHTOF66A4VOWNUKV3NWA;USA only;minnesota 
SODLCG3LPXKQRZMLZAE22FDBZY;Non-USA;cali
SORFOFXCBZ3GLHQHDI2ZUCJWMY;Non-USA;England
SQQU4HN4SFPMYB4INTDMYAPS4U;Non-USA;south london
SQRA5EGTBCG3K4TVXQAT2ZTEKI;USA only;Los Angeles
SRB5PKJNRGU22UVKWBMI4HGTSE;Non-USA;singapore
SSZ36O2FF3V244UXP7PEHR72MA;Non-USA;Venice 
ST2Q46IPM4Y37MOFD2R6P2TPE4;USA only;Tennessee
SUDBL4GQGBHA2FB35XRE3FN3IU;Non-USA;Canada
SVDXBIJFNDNPQMFQHNFBN5XCMY;Undetermined;none
SVIA4OYU7N56F365UPZJLRPICY;Non-USA;Palestine, Jerusalem
SVMW456EATWIFQZ3TVT7FPHCCI;Non-USA;Pampanga, PH - san fernando pampanga philippines
SVNOTXECB4ES2PY64KT6P4H7Y4;Non-USA;MONTERREY
SXF2CJY6SEH5IJSJZL65ASDWKI;Non-USA;Australia
SY5FWPOLA3X52CZKDPUM34PMBE;Undetermined;none
SYMY3FM4IF5F5KBWJOU7IAMDTU;USA only;Wisconsin
SYYZR7PWASIDF2XBHEGYY6TJGE;USA only;AKA Phoenix, AZ
SZD5SMW6PDXRTZ64DI6N4ZYR2U;Non-USA;toronto
SZDYS3SL6M455I63RPR3YSDYKY;USA only;Chicago
SZKFXFGDD6C25PRDHNITCMVSBU;USA only;Southern Florida
T23EWSCIJELYBOKMTQ5YUKDBIQ;USA only;Missouri USA.
T2EMIMRSUGZL6D3HYITBTCSMS4;USA only;Missouri 
T2IWNR7IYJHK7PGBNGSLEVIRLY;Non-USA;London, UK
T2JVWZWQ7OTLQOW7FBUICQH63M;USA only;Hawaii
T2YXIWJDUYYU5LYZXUSM7EHXJI;USA only;Utah 
T3JCGDICYG2QDPHXM3YO7WA5TI;Non-USA;Brighton, UK 
T3V3SEW6E3R5DWAASS27VHP6WQ;Non-USA;Philippines 
T457ZEXH3L4P6U5OADNADZHW3Y;USA only;Northern California
T4BEJ6QRO47YLXPG72TXCJFYBY;USA only;Staten Island
T4W44OQJOXM37YPD5JLYYR6YC4;USA only;Indiana 
T4WYMBDBJ7NM3W6TCWR7TXT3ZY;Undetermined;none
T5FHD7JX4YURI7HVMB73DQ3RSI;USA only;Texas
T62GBVGNCSYMOTTUVV7R5AEMOU;World;Canada  - Los Angelas, California
T66HR3S744SXAOSKO6P2W4LPV4;USA only;oklahoma
T73WV6U7E4NILDPY7VPNGRWI3U;USA only;Boston
T7ZLDOFGPMVG3JG25FAXFPIZ5U;Undetermined;none
TA47VYBQFZBKPRZJJKJ3WDGVME;USA only;california
TA7KAE3QJZR5UUCDQY2XXPUKRU;USA only;Indiana
TBHG3CPP2ESLB4MG77O4EHBXNE;USA only; Missouri, US
TBPHI6TCKJDAUA6D2T2WSPME6A;Non-USA;Cuban - Jamaica - U.S
TDBPSJVDZWL7Q3X2T2U5UJ47SI;USA only;Melbourne, Australia
TDICGEHVWAFKLBUTT7PGJL5NN4;Non-USA;Manchester
TG3SJU35B2Y34C75W5IBILLEWQ;Undetermined;none
TGNHYEIBY4RY6B2PN5NCU3PLS4;USA only;California
TGVYROL6NJIEOGWOZHOGQHOAPA;USA only;Seattle - Florida - LA
TI24EK5NN7HOMM2ERBDTQ7P6DU;USA only;Utah
TICWI3BMTY2PV4DIJ73PQUXORM;USA only;California
TIEX2V3DF4YUGUHS32WACW6ZYM;Non-USA;India 
TJNZFBSVV7JKNQPI2TJ675PJAU;USA only;Chicago
TJXZWUXOERHMVY7NXWWQQG4XNQ;Undetermined;none
TKUYX4XWDBA4GFB37JCLWOELKY;USA only;North Carolina
TMA4QTODOMHPMQDNNDNAXUQNFE;Non-USA;Venezuela
TMP5GL64NJM2WAP76D6BURZX5E;USA only;Virginia
TMVXO2HAFPFIKYSZTOG47QHYIU;USA only;Texas 
TMXURCTDPFXLZWP3CN4S3ZX3Z4;Non-USA;China 
TNDVP75Q7JR6WX27INQT5UVTHE;USA only;chandler az
TNZIZYVZICHUEYMVZ37L5HU4MU;Non-USA;Essex, UK
TOS6EMYFBMGSDNUZDVQEBOOR7U;Undetermined;none
TOUVKB3QBYNXCHTLR2XQYLUM7Q;Non-USA;egypt
TPCWTFGX2PKQRVXBL3277ERO7Q;Undetermined;none
TPKPAUS2ITNVJW6Y4IGRC6COKQ;Non-USA;Norway
TPKXM5HER3FMNLL3VN6QCV7DRM;Non-USA;Nairobi
TQLHAQAQWSMZH6ZJHBUJI4KU7U;USA only;Houston,TX
TQSTGNJZLW2FRRXDZF5SQTZE7A;Undetermined;none
TQYRYSVTDV6FUHBRFEIHHCI6WU;USA only;New York - Oley, Pennsylvania
TRN3Q25APQAEWDD4TGW2LXYX4Y;USA only;Los Angeles, CA
TRPAJK3XECGBN3RFJJLYSRJ7Z4;Non-USA;India
TRXWFX4QAWEVF2IF24DHIRV37U;USA only;Brooklyn South - Staten Island, NY
TSNOZZ4TXOTC75LLCXOGTZBOKI;USA only;Jersey Shore
TSU3H3LTMBPWPXQ7BL57SYABFU;Undetermined;none
TSX4FYHY6NPV64QHD6ZDODJG74;World;mexican - american
TTGGYB2XIC3Z66PDSRSP76Z2CM;Undetermined;none
TTK7KIB5Y2TX5I4F4L4XGCT5WA;Non-USA;Portugal 
TUGG3PPRR4BIQHEQK3OXZ4GXQY;Non-USA;England
TW5IFHWJLDTSTVO432CHQKRSIE;USA only;California
TXWVYC5R6JWFFNIBZAYOVXUXEA;USA only;Phoenix Az
TXY2SUS5G4IU54FIKUUOS6IX2U;USA only;Lauderdale,FL
TYKIHNMNSVBVAPK4BVIVKASUMU;USA only;Orange County, CA
TYNGMNI7HUTNH6UMR6AU2J4HFI;Undetermined;none
TZHAF2YFKWCVP3KAY6SZGJKG6M;USA only;minnesota
TZNPMIHBWZTUZNALJRXGNAIG2E;Non-USA;Qubec
TZTOYCBVVCRBQLSLREVEXHPXTA;Non-USA; Dublin, Ireland
U2463HIDP6TJ3BNPIZZVO7RNZQ;Undetermined;none
U26SWJGXLOJYI5Q7SWHRB2LFO4;USA only;Rickman Tennessee
U2PYXCJIQ36STXFUUSW67MT26Q;Undetermined;none
U2ZVMGHCM24NG2MUOPRXKTFSKU;USA only;Louisiana
U3G6Z2Y6SVQV7YB3QBVIYW2BQA;USA only;Texas
U3SHCBPKMEBTPCZ47HN6TRFVNA;USA only;Georgia  - Henry 
U463C7IYJEPHNREGPFWV6ILB34;USA only;California  - Austin, Tx
U4NT4E5J46U4LW2P5C5O2D4JVE;Non-USA;Newfoundland 
U4RY2UGQOPSKBCTFNRPP5XWN6Q;USA only;Brooklyn
U54H2LSDUSOCTXFHOQL7PYOFUI;Undetermined;none
U56YHQZYVC62PY3L3B7ROCZ7TM;Undetermined;none
U5D6FTCQVI5V4REKLOMBCCCBXI;World;Hong Kong - US
U5KBNDVDLZE7JSCSISNO6D36WA;Non-USA;Singapore - India 
U5NHY467XN5IUQW7PDEOKM5QJU;Non-USA;New Zealand
U5ZIG4WTYXGNYVWZCEQBQR7VYI;Undetermined;none
U6XLIXIUS7NQHQT55SBLHWKIYA;Non-USA;Manchester
U7PXT34AWAWDMNIBJXRTGNAZPU;Non-USA;Imphal, India
U7RZTLG7M6D3WRQB4ZDPZTS73A;Non-USA; London UK
U7VE6IK6MYOMSYEOS7WQD4WMU4;Undetermined;none
UAF3LZR3QK5YQRTBQ2FQQDFFXU;USA only;Escondido, California
UAIWM5D5N7T7MCWBB4YV25JR7Q;USA only;Santa Cruz CA
UANRGBNS5M6M2TIN6776YIOVYU;USA only;Wisconsin
UANTPD66YMLXR6QL65DF4KKDGY;Non-USA;England 
UANW4PT5RIABHQ3EVTEOC22OJY;Non-USA;cali 
UAONCVLFNWYGR5E3C2LUVEZT6U;Non-USA;Sydney (Australia)
UB6HDGD64ZR5NPBBKNAYMT5SPI;Non-USA;Sydney 
UBMXJRQSR5UADR35AR63A7D2PM;Non-USA;Australia 
UBP3KF7U3TV4VVU6NBJNXRCDUQ;USA only;Fresno, Ca
UBT45PSW3WUKLUEB7ROQBVDROE;Undetermined;none
UBVU3U2NJX3JMVKLXSF7GC54TA;Undetermined;none
UC2S6254N2KO2VBU7CCGF2XH3Y;Undetermined;none
UC7JLIVNRYGR7ZEUEZ6FHPWL5E;USA only;U.S
UDCPYQM4ZXAN7ZU6R7LFRKPCG4;World;Texas - Colorado - Tunisia
UDD5QIHQJGVEXBM4CPAO7A2YWY;Non-USA;Leeds (UK)
UDNOG4T4TI7IVVIPAZFT2ERHA4;Non-USA;Australia
UDRKH3AC6G2733QTQIWJNG74FI;USA only;Hilo, Hawaii
UE4U3U54VF2H3R3VPPCDSRUKII;Undetermined;none
UE7Y723WNAVLRODHU2GRZXLYCQ;Non-USA;Australia
UEXOYDPKZ3L4G4MNIJ4NZNN7VU;USA only;California
UF2LWVBFKGYJ4T4IODWRRVEZUU;Non-USA;India
UGJ3HQYHR2K7XSXFTJJ7XU6FYA;USA only;california 
UGMNDCDEUSZYO3763MID2FJTRQ;USA only; L.A
UGVR2IBFLMJLYBEJBLUFZZ5WVQ;Non-USA;Sydney, Australia
UGWGNRH2USZWFO5NIGA32C2LCY;Undetermined;none
UGZD64BI6ZBGLQ4UCB2VVHTBYY;Undetermined;none
UHQ5XUIQEZMBGL24JQSGLDJ5OY;USA only;SW Florida
UHRIHYSHYFULSUSVLIURIE7T6Q;Undetermined;none
UIESOMCOUPXQK2C6IJPWPHWOJQ;World;New Hampshire - Korea - Germany - Canada
UJ2R3QKJTAOAGPM3SQ6FQZPK4M;Undetermined;none
UJSEHM6MXFEJQNCDMHUI5H5I5Y;USA only;Oklahoma
UKO4LNIYGA7P2UYUCEEBRXQ534;Non-USA;ireland
UL6BUAQM7AW4SBWLJ2RLXCT5WM;USA only;Yuba City California
ULV2EYAKJHYO5VKXGQIPIVCMYM;USA only;Houston, TX
UNDBUTOPCQSDGZY6VNBS3OVIK4;Non-USA;hyderabad
UPMWEOB4QZRMHDCHJH6MJTHFM4;Undetermined;none
UPRM3UB2REUT52PHSZTYE54TIE;USA only;California
UPZO627SAZMJC3EOELHMQM4OSY;Undetermined;none
UQKRMLF25IUXQIKHMUPBDI72E4;USA only;Texas 
UQXAUG5U3NPB5ZRNQQAG3GPPHQ;Non-USA;Jamaica 
UQYKQMAUM463D5FTDBDRE6OYHE;USA only;US 
URBCRFHXHFKTG4OD3ZEGKXBEAU;USA only;Minnesota
URX3XUIAFKCISNR24PUTHHWXM4;Non-USA;Ireland
UT7F4IFJZ42XCSR56BBJYPQB2Q;USA only;Las Vegas Nevada
UTXAHDWDR3IOU7QDSNSICOJL2I;Undetermined;none
UU5OMZVXHS3ZWBWQFMHT5LDAAA;Non-USA;Sydney
UU6NJILA7S3PKHR4WGUHJ37GDI;USA only;Virginia
UULQFF4NP73SAKNKUHZFTQGZ3I;Undetermined;none
UV4JKDXIECE3WLRNURHLIMV62I;USA only;UT
UV7E7QRJUGLT2JG2HXEOWSMWZA;USA only;California
UWEHPEE7Y23AJLMSY5MKE35HNI;USA only;Maplewood
UXDAW2URD34OCHCZEUTCZV7FOQ;Undetermined;none
UXKX37AYYGL33Q3WYUOHTS2WUY;Undetermined;none
UXLBQ6LSVB67WK5XS65HAIFHEE;Undetermined;none
UYCGCA2XYY2WH2YOLNAZY2PCUE;Non-USA;England
UYXYXPSHEWHATZ6HBPBDLWXQNY;Non-USA;ireland 
V2BWQ3N3X4SJXRPXSQLPXBZADQ;USA only;new york
V2CJQIOP2N675AMH4B5YM2DD64;Non-USA;Canterbury, Great Britain - London, England
V2HK2G3UAQLMWGEJ3OXNDAMECA;Non-USA;Kashmir
V2XWD7JXMSL7ZKK3FEL4UBXZAM;Undetermined;none
V4COXNGHDADUVADT72BT3AQCOE;Non-USA;london 
V4EMTB23DJOQL7WN2VIXDM6JYM;World;Trinidad - Brooklyn - Atlanta 
V4ZFB4NQHWBUWOV4O5ORFCJCFA;Undetermined;none
V5ZKGLSIN345EPXS75J5JVFOCU;Non-USA;Canada - India
V6GX7JW5DDJV7HJC4GUTL4YBXQ;USA only;Portland 
V6HUHP3MSXGFLZTQ4IWHLKVAQM;USA only;Kentucky - Georgia
V724HH75ANO5RERFSJFDU4H74E;Non-USA;China
V75SV76NHXBCCCH626OIWZF444;Non-USA;Northern Ireland
V7XCMXYYIMDQLSAVW2XU3XHBXU;Non-USA;London, UK
VA7JGBLS426YP44OBPNNUPF7CY;Non-USA;Scotland
VAGF2NXFE3MZJ7MB7B6D63BJDU;USA only;brooklyn ny
VAO4PZ5C73IJGHM7ECX65VXE74;Undetermined;none
VAO73Q3WH4YCUHSYOVDLWJ7HNU;USA only;Columbus, Michigan
VAOJKIGIGSNLWRHWVXUYVTYJSY;USA only;Massachusetts 
VARGEYIQ55VJDT57RV7BCUZU5M;USA only;LA 
VBD5FPTGN4HYBETZ5VE5AS7JKI;USA only;Northern, VA
VBJIHC5P6HJDAHCYGMG2DQEPY4;World;N.Y - BLR 
VBNI2ZZZQEQWKATRLHOA6DSKUU;Undetermined;none
VBSGZODQOINC3L7Z7QV7L3JBRE;Undetermined;none
VC2JYZF57VE5SX3TVSUES57VY4;Undetermined;none
VCSYZJCRNQ3SFXLYJY6TLGWAGI;Non-USA;Philippines
VD2COUFY5I77ROBRICDTN7LCWU;Non-USA;North Bay, ON.
VDBJZSYPJBUJGKJKXKKZOSR7QQ;World;Germany  - chicago 
VDDRUQVRYRFDES22RFUPNCAOWQ;Non-USA;UK
VDO4OJTRK6G3BMXD4433V2CPZA;Non-USA;Bangalore(India)
VDQA3AX2G4Q7MS6YOI2YH4N6RI;World; Hertfordshire/Essex - North Wales
VE5DFTAMBX6QXVBHWEDOUKLXEQ;Non-USA;Serbia
VEOZJAUHLSOAA4R7BTRKRCUTM4;USA only;Rhode Island
VFA7J2EMDZMQJUE3XKO7Y2KMJQ;Non-USA;England
VGGKCUVLENQ5TYCCL2I5LYDNLI;Undetermined;none
VGQWSJ5VQVCNIFA4UQBYZNQGHI;USA only;Michigan
VHBJMAOHYRZHZ4AZQCJ5H2SPVU;Undetermined;none
VHCDPR3SD7VILBF5UYUPUXKIGI;Undetermined;none
VHRODB5KGZPD5WXUNJNFYMT37Y;Non-USA;Netherlands
VHU7DKB7F7UB2MONQ5BOLDZLDU;Undetermined;none
VIJCXXCGOJ3W2ZZ6Q4PXE5FZYE;Non-USA;ethiopia - kenya 
VIQB6KXDZNHZQYZPCXNM5X6O6Y;Undetermined;none
VIZBRDZ6I4OBZNK2HYIDJVOFAU;Undetermined;none
VJNPTOCZ7VZXLIRRE5LQXQTT4A;Undetermined;none
VJWQBL6DYNQ3XDWCMYRGORLBOM;Undetermined;none
VKIJBA2J32OULMJHKV5D7M2V2M;Non-USA;Northern Ireland
VLRP72MMJAFATM65MRAJ33QHAI;USA only;Cincinnati, OH
VMEWFIF2CADIKMIUCZ24LRQLWI;USA only;California 
VMKNBWPBLU3R5YO7TGFT5L2YMY;USA only;NY - Honolulu 
VMKREV5H2NX7WWFIAEGC7TSG7M;USA only;AZ
VMPDASBP366RZYRI6NNH5LZSQ4;USA only;Portland, Me
VNMGLHVL2FNWCTMNWEWCFXCJY4;USA only;U.S. 
VNZEWWNXABB3T33DPOUF25DWZQ;USA only;Wichita Ks
VONRYHX74HAMPEFEEDLZJUVHK4;Undetermined;none
VOPJMB46WQ4FYA3L7ITUERNNHY;Undetermined;none
VOWYTTVBITI33YE3KPEIM5R5KU;USA only;Los angeles
VQYYWLA37XJXCK4WQF3Q3BBZDM;USA only;Bay City Mi
VRJ54TPQYUWVUNJJI3G2QGVANE;Non-USA;Cali - Barcelona 
VS2TVB4FL2AHDPC4PCOFG5NQMM;USA only;U.S
VTHPMIYXW7WWHIMUIHUI4EE77A;Undetermined;none
VUDTV54RIELSXN3QGJVNH27JCM;USA only;OHIO
VUGVNI5IXQS3EKBRRIVJST4ZHE;Non-USA;Bangladesh
VUKZXKXNKG45SQB446YGL2NZKU;Undetermined;none
VVNJMXJ5HYR7YZHQVHJB3PLQR4;Non-USA;England 
VVO64IA32LSXQWB5G2G3Q26PAA;World;Philippines - manhattan Kansas
VVPMTU7ZM3RO3KD2RIKMV5ZUAQ;Undetermined;none
VXQCN2FEQCD7PP67A44RD7AM6E;Undetermined;none
VYETL2RWE3JC25PMLVYZSYKNTI;Undetermined;none
VYL6MTSW6MWNWFYVZQMDLOECGI;Non-USA;england 
VYQD43G5MSRCQTELIIO5547DGI;USA only;California
VZ6HV7XWBUDAMONQQLOOWDNQFU;Non-USA;Serbia
VZGOAIFFF4WWVSOKKCJAPCHZAA;Non-USA;essex
VZYQSDZX5ZC247DWZF4HY2PDFU;Non-USA;dublin ireland
W2BWDA4IDOS6XFFH2DETDQYJH4;Non-USA;Virgin Island
W2JV7OW4APRN7J6UKYFYNZGJLE;USA only;Chesapeake 
W2RVWQO3CEKIK3SRXYCKGLDMQQ;Non-USA;london
W37RAVH7323EOE5IEB5AXWJ4JE;Non-USA;Philippines, Surigao City
W3EXUNT2WNBGCAFFQP6LJRYHPE;Non-USA;Wales 
W3SDGA7WRLB3D4O253E6ANWOLU;USA only; Emerald Isle
W3UPQI2ULMCBMQZTGOZ2MUEFKE;USA only;ST. LOUIS
W4DM7AJNN33LAAZIZ6OJ57OJKI;USA only;hawaii
W4SMNJX2JB6XED7MQNVBGKE75M;Non-USA;Devon England
W5N2JBFBERJCSFQAB74XHBWO6Y;Non-USA;Canada - Brazil 
W6CTKIMZ7XSNHJEXSNZOFCIG5A;USA only;Onalaska, Texas
W6FD7F6IH6MK4K6DFBST2M5HAM;USA only;CALIFORNIA
W6GXM5RUL43TNEFHDEB6GPWICI;USA only;Texas 
W7GFGQQABWLSK4Z3WXORG3WNEM;USA only;Ohio
W7J2KQND2XJ4FQNMSRMQHWYRJ4;Non-USA;Bosnia
W7PJ4ZMRADUCFYVVWEXMWQDQFY;USA only;Texas 
W7XNLBYKWOL6IPNTWRB7A7BMCU;Undetermined;none
WANNEMWTCS5VZR253VF4433AVY;Undetermined;none
WBYDU3KINKP2UPQPARODKUCEAU;USA only;California
WBZXF6BDJUNYURSZQG64JQGLIE;USA only;Rhode Island
WC5GSNHF4RQPPBPWYQJFUBV7WU;World;Maine - Pakistan
WCEA5LTCI7K2QSWT5WGRMDMRHU;Undetermined;none
WCGJDIR7MBHLTMW4CU7PBMN3YU;USA only;Wisconsin
WCQBWJIULCZNK2BFIK73CCVJME;USA only; Boulder, CO
WCUXG4GW4TCPQ5ZW7VTKECCSGU;USA only;GILBERT, AZ
WCYX4VPCG466VKH62XJ2GKFLNU;Non-USA;Goa
WDRVVCQKTY3TZAKLKEI7PWTOSI;USA only;Maryland
WDVMWLFKUMT3OU7JS7HBIHZJCA;Non-USA;Northern Ireland
WEFC3GXJYPLJNNGV35G65FW4IE;Undetermined;none
WFPAPYVNLMS66WEFTRZYN2YTVE;USA only;Phoenix Az - Dallas, Tx
WGGV5DBM6SOAQPE3KYKUKOT46I;USA only;Texas 
WHNQUD3VOHOCYTMZKDK3QUZC7E;USA only; Texas - Utah - Montana - Georgia. 
WI5SEVXXGYWZV6BH2X4S2EOAPQ;USA only;Alabama
WIS3DBSAE3HDCGNLQVTDN56E6E;USA only;New Orleans, LA
WIVGE5R53VP7BSFIYPRSVRTUOA;Non-USA;Macedonia
WIX5OBR2DSBJ7HGRVEHVSDZEEI;Non-USA;Ontario Canada
WJ7CTVZ3MZLQFVKV57FU6DF3NE;Non-USA;Egypt
WJOB2YOWS7QJMH6HLDWGW3JL3M;USA only;Los Angeles, California
WJUS3KCTR3UF7TRQ6BNS7YW2QE;Undetermined;none
WKHGIJT6P3PU6FS74CY4YCL5JA;Undetermined;none
WKQZA4QSNTKCQHRTARM47KYGWI;USA only;Hayden, ID
WLNUOWVAIVAUYOT6SISB4FANUU;USA only;Southern California
WMAXKZGGIPKQOUNS4TMEYJZKVI;USA only;texas
WMREIGRO5Y4BRTY7GDEVZGEVRI;Non-USA;san mateo, rizal
WMTROKMWREIO2TNTTUZO7WNJFI;Non-USA;UK
WN6BNET4L2GWR3PZXMTPOXLUWQ;Non-USA;Dublin, Ireland
WNNU4E6F5E3YTT2EMUQP7M7TWM;USA only;MEMPHIS 
WNOEVLRWBSKMOCQDU2BBTRTANU;USA only;Bronx 
WOIVATKI644CA4GOZW75FERZB4;Non-USA;Vancity (Vancouver)
WP66DJXU6S7VLKSOBU2TC4B5IY;Non-USA;Wales
WPEGAMSY7KNF5EBS2GFJYCGIHY;USA only;Cleveland, Ohio
WPQV7HWIGFYSKXNEGIZIRL42GM;USA only;Pennsylvania
WPRTYKNJ3ZMJ45H47EPAWDXABY;Non-USA;IRAN
WR6OJ6KX5HYDYVZ7JGIY3E3ZRM;Non-USA;new zealand
WRGKWFNWFGZAB6QQ5X4H2R6G54;Non-USA;India
WRLACIGADPWWIGN3SJV64KMYSY;Non-USA;North Yorkshire in England
WSAIRFVYBXSSVE2INLLLEUGSQU;Non-USA;abudhabi
WSCJOVI57YWDKAXVV5CAAXZ7UU;Undetermined;none
WSJIMLWXWTEDXG5WBPQDIGQHKI;Undetermined;none
WTRDQAGYUTYNBAPR7KR4V2A5DI;Non-USA;Baghdad 
WU37RDOMJO56EI4F4GY3FUJ77M;USA only;California 
WU3JXAEEZSR23IDEPHT54GODJM;USA only;ohio
WU3OEKVNE3KWWAX6ILBX5GAOGU;Non-USA;NSW, Australia
WURQMLWLNSAZKUZMKW64RQ32KE;Non-USA;england
WURUCAVIRUXB2LHSCNKEVBQK74;Undetermined;none
WUXTM55H6N4PY6RQCGTEO244EA;Non-USA;london 
WVF3QXSVR7LNA66B7GUFLSZD5M;Undetermined;none
WVHFMNKWXSWOTCL736VCPALBHA;World;USA - Tunisia
WVT4MSBIFQUOTFRZ22DKAS2XBQ;Non-USA;England
WVVHLOZJ6KVYMXDZQJV5M5X7ZI;Non-USA;Canada
WX3JG7SSDQIW7OBGM57GXIOR7Q;Non-USA;Malaysia
WYL5JHYBP6MYWDR3SCET7A6M5Y;USA only;Colorado
WZ3J6Q42SACT2IC3IE5CBUTHUE;USA only;New Port, Oregon
WZIOUYVPNOKMWZMIKFV5YMVI3Y;USA only;Bakersfield 
WZWSSDMDSTP27HYDVHGPOWX6NY;Non-USA;england uk
X26SNACIVJI2ZUMV75BA2PDGOY;Non-USA;Birmingham, UK
X2APRI3DL5EGJKLLKFER543PJM;USA only;Kansas City, Missouri - San Francisco
X2AQKEBVI2ITAX2SROL73WH5TY;USA only;Salt Lake City, Ut - Augusta, GA -  Seattle, WA - Plano, TX
X3THNPPRV3JWGV7Z5GBEEQJUEU;Non-USA;London 
X4XPWSVKUGCTXNJIDIDGAOXQ7U;Undetermined;none
X6WKXLNSXHOWHUIXGNBWR4Y3TE;Undetermined;none
X77YBP7F3NFVO7TPBILGYYTU7Y;Undetermined;none
XAO3HMRSBLM3JF2DCROPFP63BU;Undetermined;none
XBCOZU4XAL5NK2W22EG6DXBEDU;USA only;Georgia 
XBOVU3GRTRRTTUZKW3MW5KQ4PI;Non-USA; New Zealand
XBPAAWD5OXETLNEJVLEBGCOOOY;Undetermined;none
XBT6QFDBTTC3OCFB6P2UA3K7EE;Non-USA;uk
XCKBJS7MEJ5JAXD4NPSJJZNOEQ;USA only;US
XCPVXFXQ23RRDH3SDQFCIDEE5U;Undetermined;none
XCQU6BVPD2ZT4RHSOUQZ3O4MAA;Non-USA;Tokyo, Japan
XCU7AF5BT4C2O2WDBFPKYBROW4;USA only;Colorado - Big Island, HI
XD343HBVSDH4Q7X27IZULAYSPE;World;germany  - usa
XD5YX6U5NPA6AB5JXA6ZT7JPG4;Non-USA;Spain - England - London
XDNKCECMM6GSHVYWAEOUBOYKVM;USA only;caddlic, michigan 
XECFFJFYRGXDFBYQEQRWAOHUQM;USA only;Orlando
XEGLSSZ3PZZJPIOLX76IHXDGAM;Non-USA;Philippines
XEPLA6WB7TXPHEX27EMXBVI6BE;USA only;Oklahoma 
XERU476AD4GQYK76TVGSHHHZ4A;USA only;clearwater,fl
XF5PLVP6YTOCEHMKUXS5TJ6UCY;Undetermined;none
XFAX4OSWNSYLFH7ALMVXUP2GVE;Undetermined;none
XFQ3M4HDWRTJ22SNE5RDBYJTD4;Non-USA;Pickering, North Yorkshire, UK. 
XFTYAP7D2XC442P3V446J2NXYU;USA only;Orange County, California
XGQVMLUPGF5K32FLXAYC44XME4;Undetermined;none
XHOCNHAVFZHTZAATVWXFHRNMX4;Non-USA;UK
XHSF7E7Y33X7GLQUV4UPJX7PMU;USA only;New Mexico
XHW7OM5YZXDJEL5HSEEBUJKFYE;USA only;California
XITG4ZS7MGEE6CASKXYS2UBFYQ;USA only;Arkansas
XJSRLHA7L2VYFFZHEHFPJ7TLZQ;USA only;Indiana
XJWLULTUZAUYRJ2BJPG6DSP7CA;USA only;Oklahoma 
XLERTVCWGZE73O5XLPU5EOFAC4;Non-USA;Philippines 
XLNZQQR6UJAJMO74O42I6JJNZE;USA only;south central Texas
XM6EYTOTZXEZBDKW6XLIN4GRJQ;Undetermined;none
XMAVMDHIXWLDC7KS6RJWVNZMYY;Undetermined;none
XMI74VTIKNGA65DPNZHLLY2VDA;USA only;Silicon Valley
XML2UBQR3H5THXTMXORNCRHPLI;Undetermined;none
XMTGXJRMYLWDIWCCGRTAPJROXA;Non-USA;MERIDA, YUCATAN, MEXICO
XOYSX4J6UJ2YQUEOCH4MRZG2BI;Non-USA;Italy 
XPJG6BSEHY6HTTQSKKM4AQZVEA;Undetermined;none
XQYUGJKJWLNTGIYXGDBLOF3ONA;Non-USA;Russia, in Moscow
XR6NPFD24SZ37TODS3RN7UTUEE;Non-USA;Japan 
XRNKNPKUMLXQTRXFR5XKTWZTKI;Undetermined;none
XRQIAWIJJTSYSRH6LAL7YP3M7E;Non-USA;British Columbia, Canada
XRY2OWERLPG7EO5ZCPA3IM64BM;USA only;Wisconsin
XSD5SHA7QY2VSXRGA3TJZZXYRE;Undetermined;none
XSLFSHX7FNZKPCS5N6HGG5C73A;Undetermined;none
XTVMGKCM27ZVG34ZMJFZZZ76WA;Undetermined;none
XTYEEBZNOXRGNKXBCPAFCVYRJA;Undetermined;none
XVF4LXQ6S6JMSQ3JSSVFMYCEAE;Undetermined;none
XWAR4XFPHU75BQRRVTHR2UXDT4;USA only;Queens, NYC - Nashville, TN
XWTVMTMKWLFUDR6PD37AQRBPZE;Undetermined;none
XXGTJPNZQLXW3WBLLXU5PPURJE;Non-USA;ARGENTINA 
XXILL5SAL67BBPC6LKUIFZSFIQ;Undetermined;none
XXS7V46SOH7TBG5ZEGJKVYCJRQ;Undetermined;none
XY5Q3RGV4P6AX5UAXLI74YOGHE;USA only;US
XYKCAKRMP5G2Q7OALQHALVLWFM;USA only;ohio
XZ7RJKCXNLQMJ3ILIIJCYWMHKM;USA only;Bay Area, CA
XZOYVR7ENQXGGFH7PDS3NXRQIA;Undetermined;none
XZVU5T3DM2IG6MZ4SBST2M3V5Q;USA only;Ohio
Y3W6BLQ3UQ76UWF223WGFRM6A4;Undetermined;none
Y4R5DMOBJPA7MPOQ6A6MV2IEEE;Non-USA;Romania 
Y4YKDPNHOV6TLFFXAR2PPVMVEY;Undetermined;none
Y5TTKMYJ46TCJQTK2F3OAPALOA;USA only;Texas
Y6FYVSBKNCTVHQQJXDBXWLOFZ4;USA only;Vegas, L.A - Midwest - florida - New York
Y7L3SJZN4WE6Q237CC34O25FVY;USA only;US
YA2XDV4IPVPXWE34WR6ACIGDGU;Undetermined;none
YB2YAVN45EBT5EDITHHJ5B4T2I;USA only;Memphis,TN
YBZXN5IZDWLOBUMKG47TJ35FUQ;USA only;Philadelphia , PA USA
YC7NWY2FTO45IMH77Y4LUZGKEA;Non-USA;NSW Australia
YDJROEOYFKZPN6K7BF7TPAHF6U;Undetermined;none
YE6IJQSJ4DMPB5SIY3QHMDEAVA;USA only;arizona
YEBGKXNLF5XXZD7ZT5ARMFLP4Q;Non-USA;Dubai
YEL4XVJBZJYU5UJQBEO2KHPPSM;Non-USA;Australia 
YFSSBT5URGXBNPGH4S46TDBZG4;Undetermined;none
YFVLMR46KJUP4T3XXUELJNSM6A;USA only;U.S
YH2S2S4FIOPSOREI6JQ4YRGXBU;Non-USA;UK
YIATIZP6A4K77USMLTYZBCXCUY;Non-USA;Pakistan
YIKDCKK224KFOADXUVAK5HEXIQ;Undetermined;none
YJRHKTZBRXQETHJGIJWLK6F2GI;Undetermined;none
YJUENKKAU7NI7RJTTNHMIZJZEU;USA only;Illinois
YJZUPMQNI7CK67VAFX6AWJ4FWE;Non-USA;England
YKCKJSOCB3CXYJOGCRDJUCDYJA;World;Moscow - Los Angeles
YL7ATU6QRPK3WXYJHZKJB75XXY;Non-USA;Philippines
YM3PNNJ3O6R4VDSKULNI2MSMFY;Non-USA;Suffolk
YMMHZIC6D7T4IYVCRAZIY4S2VQ;World;Canada - USA
YMOSP5BXFEOZ2AIY323YY7D4QI;USA only;Concord, NC
YO3JGS74MENVC2CHVIHLATWOOA;USA only;Oklahoma
YP4VAANVP6LMDDJCBDIYCRUI4E;Undetermined;none
YQCBSHZ5GGXTKRVY3PIXXVQ3NU;Non-USA;Thailand
YQNX2YUWKXE4YBP2ZOYZINXXHQ;World;Jingshan, China - SLC, Utah
YR5SYMB2PVEDTZB7WTKRJQZP24;Non-USA;England
YRBTQMTMZ3MD2TNN6IYZKEGESA;Undetermined;none
YS3OSIX6HKQF4G5QGKAEDURWSU;USA only;Austin, Texas
YSIR2UCO5CNFT5SY4YX2IMIDRA;USA only;St. Louis
YT6F4VX5XVST6NHU2TOTPI7EMU;Non-USA;Gujarat
YTJVWJNTUONUMC4NVFHUIHWNEI;Undetermined;none
YTYXJVL6EL3KI3SW435LZJSC7I;Non-USA;Mumbai
YU6WBLWUDEYX47V6HT5ZAA2SK4;Non-USA;BC, Canada
YURG22745YODTOTYTGAVCFWR3Q;Non-USA;london
YV5NAONA3O6PXGKNIFMVNPRBDI;Undetermined;none
YVQFOIYJ7QYVC5AP5YL5MFKF3A;Non-USA;Amsterdam
YWKAF3ST4XQ3VFZ2NYDPU6LXLA;Undetermined;none
YX3PCDSJHWBJS4ZO22CNW2Z2Z4;USA only;Brooklyn NYC
YX6TWYESREQMVLCXCCQGJGWNLI;USA only;Arizona
YXWJSF37E74OVIVUVQJCAGJTHU;USA only;Monterey CA
YY2FPXYXWABV6O6EGPCA3EBWHI;USA only;Florida
YY457RS74F75HTGYZMLE3KHOCI;USA only;Arkansas
YYNBVTGA62PGX7766624BH3GOA;Non-USA;egypt 
YYNCGSNQHGSA2I7RLCE7IFHL7E;Non-USA;jordan
YYX63B2NUVL7STOWNKT6XDO3SI;Undetermined;none
YZ4JF7AVQZAU74BCHC4ODVANHY;USA only;Jefferson City TN
YZDELGVYTPLRI4GDLC7CRY2VF4;USA only;Worcester, Massachusetts
Z37LLXAYOLMHIIZUTR65P2DRD4;Non-USA;Chennai,South India
Z4VB3MCUCJC336MH67MR6OKQQ4;USA only; North California 
Z5DNLYP3TAUUZQNZ55DCZH56IM;USA only;Georgia - Pennsylvania 
Z5M5ZA4QOQFRCAKS5KI3HIR44A;Undetermined;none
Z5WQTVNDWBL6IVHGCFEXSKDUQU;Non-USA;Scotland
Z62WN6KA3LKX6ZBC534FO6ZPMM;Non-USA;Croatia, Zagreb
Z7BLEJ5ZSI5XF5PXASQUWRWQ2A;USA only;Contra Costa
Z7C4JOVE57GFJYICGAOZSQFHVE;Undetermined;none
Z7FXTQQS6HFNU3VSTJL7FNIJY4;Undetermined;none
Z7T26L7KUFMLMY4DEVBESGWBMU;USA only;Boston - Washington DC
Z7VPUAT4X67QOSHPIVUM23DNHE;USA only;Hollywood CA
ZAEN5MOX3NPPVAZIPJ3ENY4C5E;World;US - Iraq
ZAP6OBY6VELMAVZDVGVJEZ5RJ4;USA only;PHILADELPHIA, PA
ZBTM4SKXAANUZAZIDPICQHFBDM;USA only;Texas
ZD3JTHYJNUTOW2FPNYFRZAJ74Q;USA only;Florida
ZE55BC7ODVJBMCOP36U5KXR6WY;Undetermined;none
ZEJUNWJJ5OQMAWKB5NBDRSR5BE;USA only;ky
ZEZP6B2F6GOYI3CV2F5MBRPR2I;Undetermined;none
ZGAS5LILSSHEASICGNB6XNQJXA;USA only;San Jose, CA
ZGBZROCNTP26OEW44SHPF37UEU;USA only;Canada
ZGSSYSOIXYLBFZ3JWS5WB5CYTY;Undetermined;none
ZH7W5MNHQODCQQXD4T4LZUCKQQ;USA only;California
ZHVHJ33Q4D6SPMXN5AJA5CNN4U;USA only;California 
ZIRX4WNTLCGIBNU5EXFWDTMSTU;Undetermined;none
ZJDWQN2NKIPTJCGHUUZQ7WDAWQ;Non-USA;malaysia
ZJNUL2QD34NFBFHYN2M23UJUEY;USA only;illinois
ZKRFRMB2DIMM37KJRMRGVXPSIA;Non-USA;London
ZLLYCW7IWHZYXVMH6KKAWZVQQY;Undetermined;none
ZLYDFULFXZQ43NC6NGHPZMHSVI;USA only;South Carolina
ZM53ZYPJXWDT73SRFFNX2M4V64;USA only;california
ZMIRL66V2653VL5N73AU2SEU3A;USA only;New York 
ZN24QPSAG6WAFP3IUFJ7MIXZFI;Non-USA;UK
ZN3NPENRTLWHDZ6Y5AH2MS4XNY;Non-USA;Toronto
ZNBJK6XFEI3E7MOHU5MEZNJNH4;USA only;las vegas
ZNBZZK52GBMKJ6KMY4OWTDXP5Q;Non-USA;Wiltshire - Northamptonshire
ZO6QPKU25BT2VPFESUHTA56I5I;Undetermined;none
ZOHCJOK562OZCW3GFDZRKSMPDU;World;Mexico  - New York
ZOYLVFDC2TJ2XOC2BB55KTCQRI;USA only;California
ZP4UXDUWCT3LDB2NNFN4J62RUE;USA only;US 
ZPC3EVH2PYYRMNV3NAY6DAW5SI;Non-USA;kepong, Kuala Lumpur, Malaysia 
ZPLS7RPEFJJY64X7KBBH4PVQKA;Non-USA;Delhi 
ZR3E62KJZ7YHMXNGBTA4WGKEWM;Non-USA;Argentina
ZRHQRYTUN7YVDA5BH2MBEX3AQA;USA only;hawaii
ZRJ2K3KXD52EEQHLW5X6QDCK5Q;USA only;Calif
ZRXMNKBQIVS7U454G4HPVKZTDA;USA only;Houston, Texas
ZS3GMJ4LMNNJXIQYF4LFOMWCWE;USA only;New York
ZSCUCGBC4PWQ3VTDJY3LNJ5G64;USA only;Wyoming 
ZSEFSVDYZGGD4ZYEHX53HWC34M;Non-USA;PALESTINE
ZSRMNF5WSIXLGQ23PB3IRUM3IU;USA only;Athens GA
ZTCKGXXEQKTN2GXL4H4ACPHWLM;Non-USA;Montreal, Quebec (Canada)
ZTDMSYER7QH44QMAQMP2MATNXM;USA only;Virginia
ZTHSJ4C4VDO7LOFX7KL6JURRAI;Non-USA;Dominican Republic 
ZTQZCDZ2VK5BPEKG55CQ6X7FYM;USA only;HAWAII
ZU2Z7NGYE6VW52S7QESNYPOH7U;USA only;California 
ZVEO5JOTX4W3RJZGOBNJZQCMZE;USA only;Tampa Florida
ZVLND573FYQMKZ2QR3ERFNPRZE;USA only;kentucky
ZVXLU5SGFIDFKQ2BYHKZLFWSPE;USA only;Florida
ZX4TGOMME5FHV5CFCZDER3FXLY;Undetermined;none
ZX4Z3I3PPZKK6E2Z47F2C7NNBM;Undetermined;none
ZXW7G2FINZYIY5POSVR7QT5XQA;Non-USA;England 
ZZ6ADP6OXX5L3IVENXEDFLLLXA;Undetermined;none
ZZH5CEZLWAD2ISHRKUOI7NXCUE;USA only;indiana
ZZYIQ3YOFAQ4PKVPYV7WSRUYNA;Undetermined;none
